{
  "meta": {
    "python": "3.12.3",
    "platform": "Linux-6.8.0-x86_64-with-glibc2.39",
    "loops": 3,
    "warmups": 1,
    "seed": 42,
    "group": "all",
    "functions": [
      "ndvi",
      "ndwi",
      "evi",
      "savi",
      "nbr",
      "ndmi",
      "nbr2",
      "gci",
      "delta_ndvi",
      "delta_nbr",
      "normalized_difference",
      "temporal_mean",
      "temporal_std",
      "median",
      "trend_analysis",
      "euclidean_distance",
      "manhattan_distance",
      "chebyshev_distance",
      "minkowski_distance",
      "moving_average_temporal",
      "moving_average_temporal_stride",
      "pixelwise_transform",
      "zonal_stats",
      "binary_dilation",
      "binary_erosion",
      "binary_opening",
      "binary_closing",
      "texture_entropy"
    ],
    "shape_info": {
      "height": 1000,
      "width": 1000,
      "time": 24,
      "points_a": 1000,
      "points_b": 1000,
      "point_dim": 32
    },
    "size_sweep": null,
    "sweep_shape_infos": null
  },
  "results": [
    {
      "name": "ndvi",
      "loops": 3,
      "warmups": 1,
      "mean_s": 0.09361268966677017,
      "stdev_s": 0.0006005000645208044,
      "min_s": 0.09288622900021437,
      "max_s": 0.0943568289999348,
      "throughput_elems": 10682312.44673842,
      "elements": 1000000,
      "shape_description": "1000x1000",
      "memory_mb": null,
      "baseline_mean_s": 0.008997124999799174,
      "baseline_min_s": 0.00847814099961397,
      "baseline_max_s": 0.009274459999687679,
      "speedup_vs_numpy": 0.09611010037021613,
      "baseline_throughput_elems": 111146616.28268154,
      "baseline_kind": null
    },
    {
      "name": "ndwi",
      "loops": 3,
      "warmups": 1,
      "mean_s": 0.08786835366663581,
      "stdev_s": 0.00041429760230199685,
      "min_s": 0.08730343499973969,
      "max_s": 0.08828540100012106,
      "throughput_elems": 11380661.617877865,
      "elements": 1000000,
      "shape_description": "1000x1000",
      "memory_mb": null,
      "baseline_mean_s": 0.005272669000078167,
      "baseline_min_s": 0.005112957000164897,
      "baseline_max_s": 0.005447289000130695,
      "speedup_vs_numpy": 0.06000646171296406,
      "baseline_throughput_elems": 189657268.45079315,
      "baseline_kind": null
    },
    {
      "name": "evi",
      "loops": 3,
      "warmups": 1,
      "mean_s": 0.1084207049999956,
      "stdev_s": 0.0005675443907167392,
      "min_s": 0.10762433099989721,
      "max_s": 0.10890550200019788,
      "throughput_elems": 9223330.543737384,
      "elements": 1000000,
      "shape_description": "1000x1000",
      "memory_mb": null,
      "baseline_mean_s": 0.014485131666485055,
      "baseline_min_s": 0.014337583999804338,
      "baseline_max_s": 0.014608910999868385,
      "speedup_vs_numpy": 0.1336011573295492,
      "baseline_throughput_elems": 69036307.23038217,
      "baseline_kind": null
    },
    {
      "name": "savi",
      "loops": 3,
      "warmups": 1,
      "mean_s": 0.0879992883333216,
      "stdev_s": 0.0009553748481749976,
      "min_s": 0.0870565440000064,
      "max_s": 0.0893088349998834,
      "throughput_elems": 11363728.263485767,
      "elements": 1000000,
      "shape_description": "1000x1000",
      "memory_mb": null,
      "baseline_mean_s": 0.0063966949998454465,
      "baseline_min_s": 0.0062198319997150975,
      "baseline_max_s": 0.006599131999792007,
      "speedup_vs_numpy": 0.07269030376264178,
      "baseline_throughput_elems": 156330730.16990203,
      "baseline_kind": null
    },
    {
      "name": "nbr",
      "loops": 3,
      "warmups": 1,
      "mean_s": 0.098348289999952,
      "stdev_s": 0.008913449423057919,
      "min_s": 0.08937258499963718,
      "max_s": 0.11050112200018702,
      "throughput_elems": 10167944.963765899,
      "elements": 1000000,
      "shape_description": "1000x1000",
      "memory_mb": null,
      "baseline_mean_s": 0.005453215000064422,
      "baseline_min_s": 0.005375678000291373,
      "baseline_max_s": 0.005597003999810113,
      "speedup_vs_numpy": 0.05544798999623769,
      "baseline_throughput_elems": 183378062.29686275,
      "baseline_kind": null
    },
    {
      "name": "ndmi",
      "loops": 3,
      "warmups": 1,
      "mean_s": 0.08684733533330775,
      "stdev_s": 0.00023373139639114957,
      "min_s": 0.08653845099979662,
      "max_s": 0.08710370100016007,
      "throughput_elems": 11514458.056336926,
      "elements": 1000000,
      "shape_description": "1000x1000",
      "memory_mb": null,
      "baseline_mean_s": 0.005315963999995195,
      "baseline_min_s": 0.005162712000128522,
      "baseline_max_s": 0.005551920000016253,
      "speedup_vs_numpy": 0.06121044450694174,
      "baseline_throughput_elems": 188112635.82689872,
      "baseline_kind": null
    },
    {
      "name": "nbr2",
      "loops": 3,
      "warmups": 1,
      "mean_s": 0.1130703500001194,
      "stdev_s": 0.03667170872923196,
      "min_s": 0.08703567900010967,
      "max_s": 0.16493183900001895,
      "throughput_elems": 8844051.513053104,
      "elements": 1000000,
      "shape_description": "1000x1000",
      "memory_mb": null,
      "baseline_mean_s": 0.005532879666437414,
      "baseline_min_s": 0.005440314999759721,
      "baseline_max_s": 0.005614929999865126,
      "speedup_vs_numpy": 0.048933072785496565,
      "baseline_throughput_elems": 180737709.88840133,
      "baseline_kind": null
    },
    {
      "name": "gci",
      "loops": 3,
      "warmups": 1,
      "mean_s": 0.08623912533342566,
      "stdev_s": 0.0020250004976441155,
      "min_s": 0.08475927700010288,
      "max_s": 0.0891023670001232,
      "throughput_elems": 11595664.91582223,
      "elements": 1000000,
      "shape_description": "1000x1000",
      "memory_mb": null,
      "baseline_mean_s": 0.0025277100000190935,
      "baseline_min_s": 0.002410822999991069,
      "baseline_max_s": 0.0027027129999623867,
      "speedup_vs_numpy": 0.029310478164594412,
      "baseline_throughput_elems": 395615003.3003969,
      "baseline_kind": null
    },
    {
      "name": "delta_ndvi",
      "loops": 3,
      "warmups": 1,
      "mean_s": 0.26269884000006033,
      "stdev_s": 0.0016676482719141042,
      "min_s": 0.2607792380003957,
      "max_s": 0.26484519999985423,
      "throughput_elems": 3806640.333850619,
      "elements": 1000000,
      "shape_description": "1000x1000",
      "memory_mb": null,
      "baseline_mean_s": 0.012998305999947965,
      "baseline_min_s": 0.012270265999632102,
      "baseline_max_s": 0.013599290999991354,
      "speedup_vs_numpy": 0.04947987589113442,
      "baseline_throughput_elems": 76933101.8983553,
      "baseline_kind": null
    },
    {
      "name": "delta_nbr",
      "loops": 3,
      "warmups": 1,
      "mean_s": 0.2707690113334138,
      "stdev_s": 0.01645496172831208,
      "min_s": 0.2585153730001366,
      "max_s": 0.29402869100022144,
      "throughput_elems": 3693184.8111992446,
      "elements": 1000000,
      "shape_description": "1000x1000",
      "memory_mb": null,
      "baseline_mean_s": 0.011871120666607263,
      "baseline_min_s": 0.011623596999925212,
      "baseline_max_s": 0.012225083999965136,
      "speedup_vs_numpy": 0.0438422425378274,
      "baseline_throughput_elems": 84238045.2599508,
      "baseline_kind": null
    },
    {
      "name": "normalized_difference",
      "loops": 3,
      "warmups": 1,
      "mean_s": 0.08814208399993124,
      "stdev_s": 0.0002500462942337262,
      "min_s": 0.08786751399975401,
      "max_s": 0.08847235399980491,
      "throughput_elems": 11345318.315831743,
      "elements": 1000000,
      "shape_description": "1000x1000",
      "memory_mb": null,
      "baseline_mean_s": 0.005307886666741979,
      "baseline_min_s": 0.00508435100027782,
      "baseline_max_s": 0.005506381000031979,
      "speedup_vs_numpy": 0.060219663818546876,
      "baseline_throughput_elems": 188398898.24056992,
      "baseline_kind": null
    },
    {
      "name": "temporal_mean",