{
  "meta": {
    "python": "3.9.6",
    "platform": "macOS-15.6.1-arm64-arm-64bit",
    "loops": 3,
    "warmups": 1,
    "seed": 42,
    "group": "all",
    "functions": [
      "ndvi",
      "ndwi",
      "evi",
      "savi",
      "nbr",
      "ndmi",
      "nbr2",
      "gci",
      "delta_ndvi",
      "delta_nbr",
      "normalized_difference",
      "temporal_mean",
      "temporal_std",
      "median",
      "euclidean_distance",
      "manhattan_distance",
      "chebyshev_distance",
      "minkowski_distance"
    ],
    "shape_info": {
      "height": 2000,
      "width": 2000,
      "time": 24,
      "points_a": 2000,
      "points_b": 2000,
      "point_dim": 32
    }
  },
  "results": [
    {
      "name": "ndvi",
      "loops": 3,
      "warmups": 1,
      "mean_s": 0.12325423600000007,
      "stdev_s": 0.00014318348511839556,
      "min_s": 0.12306741600000015,
      "max_s": 0.12341529200000001,
      "throughput_elems": 32453245.663702767,
      "elements": 4000000,
      "shape_description": "2000x2000",
      "memory_mb": null,
      "baseline_mean_s": 0.006911194666666676,
      "baseline_min_s": 0.00672499999999987,
      "baseline_max_s": 0.007269917000000126,
      "speedup_vs_numpy": 0.0560726745867515,
      "baseline_throughput_elems": 578771137.6865661
    },
    {
      "name": "ndwi",
      "loops": 3,
      "warmups": 1,
      "mean_s": 0.1137126113333334,
      "stdev_s": 0.0026964509614583014,
      "min_s": 0.1098995840000001,
      "max_s": 0.11566258299999999,
      "throughput_elems": 35176397.35028626,
      "elements": 4000000,
      "shape_description": "2000x2000",
      "memory_mb": null,
      "baseline_mean_s": 0.0073533336666665354,
      "baseline_min_s": 0.007274249999999816,
      "baseline_max_s": 0.007417791999999812,
      "speedup_vs_numpy": 0.06466594672697487,
      "baseline_throughput_elems": 543970963.5552697
    },
    {
      "name": "evi",
      "loops": 3,
      "warmups": 1,
      "mean_s": 0.15332070833333322,
      "stdev_s": 0.0011967500886431216,
      "min_s": 0.15165458399999965,
      "max_s": 0.1544113330000001,
      "throughput_elems": 26089104.61921187,
      "elements": 4000000,
      "shape_description": "2000x2000",
      "memory_mb": null,
      "baseline_mean_s": 0.01297111133333321,
      "baseline_min_s": 0.012693916999999999,
      "baseline_max_s": 0.013236541999999574,
      "speedup_vs_numpy": 0.08460117015069374,
      "baseline_throughput_elems": 308377585.9452216
    },
    {
      "name": "savi",
      "loops": 3,
      "warmups": 1,
      "mean_s": 0.11326226366666663,
      "stdev_s": 0.0011069544366746342,
      "min_s": 0.11241512500000006,
      "max_s": 0.11482591600000003,
      "throughput_elems": 35316263.95682934,
      "elements": 4000000,
      "shape_description": "2000x2000",
      "memory_mb": null,
      "baseline_mean_s": 0.008476083333333348,
      "baseline_min_s": 0.008027959000000084,
      "baseline_max_s": 0.008728540999999979,
      "speedup_vs_numpy": 0.0748358990800206,
      "baseline_throughput_elems": 471916077.59086764
    },
    {
      "name": "nbr",
      "loops": 3,
      "warmups": 1,
      "mean_s": 0.11181261066666674,
      "stdev_s": 0.0006089905613310509,
      "min_s": 0.11096349999999999,
      "max_s": 0.11236191600000023,
      "throughput_elems": 35774140.109515116,
      "elements": 4000000,
      "shape_description": "2000x2000",
      "memory_mb": null,
      "baseline_mean_s": 0.007377555999999934,
      "baseline_min_s": 0.007126874999999977,
      "baseline_max_s": 0.007696959000000003,
      "speedup_vs_numpy": 0.06598143050244787,
      "baseline_throughput_elems": 542184972.9097327
    },
    {
      "name": "ndmi",
      "loops": 3,
      "warmups": 1,
      "mean_s": 0.11178201366666644,
      "stdev_s": 0.0003093762902457114,
      "min_s": 0.1113890409999998,
      "max_s": 0.1121450829999997,
      "throughput_elems": 35783932.215857066,
      "elements": 4000000,
      "shape_description": "2000x2000",
      "memory_mb": null,
      "baseline_mean_s": 0.006999513666666364,
      "baseline_min_s": 0.006796833000000113,
      "baseline_max_s": 0.007231166999999594,
      "speedup_vs_numpy": 0.06261753064798858,
      "baseline_throughput_elems": 571468274.867312
    },
    {
      "name": "nbr2",
      "loops": 3,
      "warmups": 1,
      "mean_s": 0.10975566666666688,
      "stdev_s": 0.0002526403062332713,
      "min_s": 0.10948545799999998,
      "max_s": 0.11009320900000041,
      "throughput_elems": 36444587.52319539,
      "elements": 4000000,
      "shape_description": "2000x2000",
      "memory_mb": null,
      "baseline_mean_s": 0.00654734733333336,
      "baseline_min_s": 0.006310000000000038,
      "baseline_max_s": 0.006742709000000069,
      "speedup_vs_numpy": 0.0596538432336069,
      "baseline_throughput_elems": 610934443.5777069
    },
    {
      "name": "gci",
      "loops": 3,
      "warmups": 1,
      "mean_s": 0.10757511133333342,
      "stdev_s": 0.0009062507833726856,
      "min_s": 0.10665654200000052,
      "max_s": 0.10880841699999966,
      "throughput_elems": 37183321.9638096,
      "elements": 4000000,
      "shape_description": "2000x2000",
      "memory_mb": null,
      "baseline_mean_s": 0.003336888666666482,
      "baseline_min_s": 0.0030810829999996514,
      "baseline_max_s": 0.0037114579999997233,
      "speedup_vs_numpy": 0.031019151412511787,
      "baseline_throughput_elems": 1198721443.7082071
    },
    {
      "name": "delta_ndvi",
      "loops": 3,
      "warmups": 1,
      "mean_s": 0.3188239863333333,
      "stdev_s": 0.0005888087772762153,
      "min_s": 0.3182251669999996,
      "max_s": 0.31962449999999976,
      "throughput_elems": 12546107.480815338,
      "elements": 4000000,
      "shape_description": "2000x2000",
      "memory_mb": null,
      "baseline_mean_s": 0.014613291666666584,
      "baseline_min_s": 0.013790457999999894,
      "baseline_max_s": 0.015202125000000066,
      "speedup_vs_numpy": 0.045834981974625516,
      "baseline_throughput_elems": 273723408.1985879
    },
    {
      "name": "delta_nbr",
      "loops": 3,
      "warmups": 1,
      "mean_s": 0.322697861,
      "stdev_s": 0.003140699147286187,
      "min_s": 0.3184885829999997,
      "max_s": 0.32603029100000036,
      "throughput_elems": 12395495.859825363,
      "elements": 4000000,
      "shape_description": "2000x2000",
      "memory_mb": null,
      "baseline_mean_s": 0.014996903000000117,
      "baseline_min_s": 0.014550209000001146,
      "baseline_max_s": 0.015494125000000025,
      "speedup_vs_numpy": 0.046473512261676,
      "baseline_throughput_elems": 266721735.81438574
    },
    {
      "name": "normalized_difference",
      "loops": 3,
      "warmups": 1,
      "mean_s": 0.11113402799999979,
      "stdev_s": 0.0013400270194982866,
      "min_s": 0.10931758399999936,
      "max_s": 0.11251012500000002,
      "throughput_elems": 35992576.45912022,
      "elements": 4000000,
      "shape_description": "2000x2000",
      "memory_mb": null,
      "baseline_mean_s": 0.006458694000000283,
      "baseline_min_s": 0.00607329099999987,
      "baseline_max_s": 0.006669541000000834,
      "speedup_vs_numpy": 0.0581162594052678,
      "baseline_throughput_elems": 619320252.6702496
    },
    {
      "name": "temporal_mean",
      "loops": 3,
      "warmups": 1,
      "mean_s": 3.226058333333333,
      "stdev_s": 0.011277102709202198,
      "min_s": 3.2131754999999984,
      "max_s": 3.2406412499999995,
      "throughput_elems": 29757676.421432763,
      "elements": 96000000,
      "shape_description": "24x2000x2000",
      "memory_mb": null,
      "baseline_mean_s": 0.024907235999999482,
      "baseline_min_s": 0.024688333000000284,
      "baseline_max_s": 0.025156749999997174,
      "speedup_vs_numpy": 0.007720640306669228,
      "baseline_throughput_elems": 3854301617.409575
    },
    {
      "name": "temporal_std",
      "loops": 3,
      "warmups": 1,