{
  "LinearBoost": {
    "best_params": {
      "n_estimators": 294,
      "learning_rate": 0.15667779007373728,
      "algorithm": "SAMME",
      "scaler": "minmax",
      "kernel": "rbf",
      "gamma": 2.583299006068766
    },
    "f1_mean": 0.9491371589073221,
    "f1_std": 0.036781215311658996,
    "f1_median": 0.9437562437562438,
    "f1_q25": 0.9172839506172841,
    "f1_q75": 0.9716825396825397,
    "roc_auc_mean": 0.98268115942029,
    "roc_auc_std": 0.02473148700283057,
    "roc_auc_median": 0.9931590148981453,
    "roc_auc_q25": 0.9778428093645485,
    "roc_auc_q75": 1.0,
    "avg_fit_time": 0.074894859790802,
    "std_fit_time": 0.04003583055552866,
    "n_evaluations": 300,
    "wall_time": 0.22525399998994544,
    "cpu_time": 0.22524200000043493,
    "memory_peak_mb": 3.0650100708007812,
    "memory_used_mb": 1.6901960372924805,
    "memory_increment_mb": 1.25,
    "system_memory_before_mb": 1314.6875,
    "system_memory_after_mb": 1315.9375,
    "total_energy_joules": 14.640982820706384,
    "cpu_energy_joules": 14.64073000002827,
    "memory_energy_joules": 0.0002528206781135166,
    "energy_kwh": 4.06693967241844e-06,
    "co2_kg": 2.03346983620922e-06,
    "co2_grams": 0.00203346983620922,
    "model_size_bytes": 1640367,
    "model_size_mb": 1.564375877380371
  },
  "XGBoost": {
    "best_params": {
      "n_estimators": 573,
      "max_depth": 20,
      "learning_rate": 0.012496966695379976,
      "gamma": 3.900332898571499e-06,
      "min_child_weight": 2,
      "subsample": 0.7606352751816085,
      "colsample_bytree": 0.5676998617168958,
      "reg_alpha": 6.485296598867755e-08,
      "reg_lambda": 0.0013454716034085213
    },
    "f1_mean": 0.9326055689436309,
    "f1_std": 0.044511507099273415,
    "f1_median": 0.9417184265010352,
    "f1_q25": 0.9114312144839434,
    "f1_q75": 0.9711746031746031,
    "roc_auc_mean": 0.9704704232965103,
    "roc_auc_std": 0.03119867971832896,
    "roc_auc_median": 0.979933110367893,
    "roc_auc_q25": 0.9528985507246377,
    "roc_auc_q75": 0.9965034965034966,
    "avg_fit_time": 0.9002825339635213,
    "std_fit_time": 0.017640934125198376,
    "n_evaluations": 300,
    "wall_time": 0.9928455420013051,
    "cpu_time": 4.331718000001274,
    "memory_peak_mb": 0.07946205139160156,
    "memory_used_mb": 0.049818992614746094,
    "memory_increment_mb": 0.09375,
    "system_memory_before_mb": 455.125,
    "system_memory_after_mb": 455.21875,
    "total_energy_joules": 281.5617960525236,
    "cpu_energy_joules": 281.5616700000828,
    "memory_energy_joules": 0.00012605244079468754,
    "energy_kwh": 7.82116100145899e-05,
    "co2_kg": 3.910580500729495e-05,
    "co2_grams": 0.03910580500729495,
    "model_size_bytes": 651858,
    "model_size_mb": 0.6216602325439453
  },
  "LightGBM": {
    "best_params": {
      "boosting_type": "gbdt",
      "num_leaves": 41,
      "learning_rate": 0.04855377829216342,
      "n_estimators": 203,
      "max_depth": 8,
      "min_child_samples": 15,
      "subsample": 0.5688655528562786,
      "colsample_bytree": 0.8635087515351219,
      "reg_alpha": 3.1265846244434526e-06,
      "reg_lambda": 1.6061023854368183e-06,
      "min_split_gain": 1.5334242479196256e-06
    },
    "f1_mean": 0.9387785364041967,
    "f1_std": 0.04176194820344677,
    "f1_median": 0.9428571428571428,
    "f1_q25": 0.9133342143517906,
    "f1_q75": 0.9711746031746031,
    "roc_auc_mean": 0.9765086483564744,
    "roc_auc_std": 0.02604509606580867,
    "roc_auc_median": 0.9855072463768116,
    "roc_auc_q25": 0.963768115942029,
    "roc_auc_q75": 0.9965034965034966,
    "avg_fit_time": 0.4516211573282878,
    "std_fit_time": 0.008548261610450662,
    "n_evaluations": 300,
    "wall_time": 0.46480508300010115,
    "cpu_time": 2.20532699999967,
    "memory_peak_mb": 1.67816162109375,
    "memory_used_mb": 0.012658119201660156,
    "memory_increment_mb": 0.28125,
    "system_memory_before_mb": 389.640625,
    "system_memory_after_mb": 389.921875,
    "total_energy_joules": 143.34761030825493,
    "cpu_energy_joules": 143.34625499997856,
    "memory_energy_joules": 0.0013553082763774155,
    "energy_kwh": 3.981878064118192e-05,
    "co2_kg": 1.990939032059096e-05,
    "co2_grams": 0.019909390320590963,
    "model_size_bytes": 345703,
    "model_size_mb": 0.32968807220458984
  },
  "CatBoost": {
    "best_params": {
      "iterations": 372,
      "depth": 8,
      "learning_rate": 0.04877887075146486,
      "l2_leaf_reg": 3.2400346868715745e-05,
      "random_strength": 0.0032942503631803624,
      "bagging_temperature": 0.3181810135293924,
      "border_count": 49,
      "grow_policy": "Depthwise",
      "min_data_in_leaf": 86,
      "rsm": 0.4341230495188678
    },
    "f1_mean": 0.941270240367784,
    "f1_std": 0.0414697942954981,
    "f1_median": 0.9428571428571428,
    "f1_q25": 0.9135238095238096,
    "f1_q75": 0.9711746031746031,
    "roc_auc_mean": 0.9740214013040099,
    "roc_auc_std": 0.030070313055451686,
    "roc_auc_median": 0.986013986013986,
    "roc_auc_q25": 0.9611900780379041,
    "roc_auc_q75": 1.0,
    "avg_fit_time": 0.10386228402455648,
    "std_fit_time": 0.0038455781507985387,
    "n_evaluations": 300,
    "wall_time": 0.11323054201784544,
    "cpu_time": 1.1611730000004172,
    "memory_peak_mb": 0.08690547943115234,
    "memory_used_mb": 0.04941368103027344,
    "memory_increment_mb": 0.484375,
    "system_memory_before_mb": 152.484375,
    "system_memory_after_mb": 152.96875,
    "total_energy_joules": 75.47628195521374,
    "cpu_energy_joules": 75.47624500002712,
    "memory_energy_joules": 3.695518662141567e-05,
    "energy_kwh": 2.096563387644826e-05,
    "co2_kg": 1.048281693822413e-05,
    "co2_grams": 0.01048281693822413,
    "model_size_bytes": 141710,
    "model_size_mb": 0.1351451873779297
  }
}