{
  "metadata": {
    "total_records": 306,
    "hp_tuning_records": 306,
    "hp_sample_threshold": 2000,
    "hp_sample_size": 1500,
    "used_sampling": false
  },
  "results": {
    "LinearBoost": {
      "best_params": {
        "n_estimators": 171,
        "learning_rate": 0.05511569520567202,
        "algorithm": "SAMME",
        "scaler": "robust",
        "kernel": "rbf",
        "gamma": 0.4190948580803272
      },
      "f1_mean": 0.7447133572502145,
      "f1_std": 0.07289952876015005,
      "f1_median": 0.7419354838709677,
      "f1_q25": 0.6933333333333334,
      "f1_q75": 0.8,
      "roc_auc_mean": 0.6887402100717318,
      "roc_auc_std": 0.11239696093302523,
      "roc_auc_median": 0.6956521739130435,
      "roc_auc_q25": 0.625,
      "roc_auc_q75": 0.7637413537549407,
      "avg_fit_time": 0.036348299980163576,
      "std_fit_time": 0.051603117828730984,
      "n_evaluations": 300,
      "wall_time": 0.045373457999971833,
      "cpu_time": 0.03367000000002918,
      "memory_peak_mb": 1.9798612594604492,
      "memory_used_mb": 0.8397073745727539,
      "memory_increment_mb": 0.46875,
      "system_memory_before_mb": 718.953125,
      "system_memory_after_mb": 719.421875,
      "total_energy_joules": 2.1885744123292667,
      "cpu_energy_joules": 2.1885500000018965,
      "memory_energy_joules": 2.4412327370394688e-05,
      "energy_kwh": 6.079373367581297e-07,
      "co2_kg": 3.0396866837906485e-07,
      "co2_grams": 0.0003039686683790648,
      "model_size_bytes": 835448,
      "model_size_mb": 0.7967453002929688,
      "single_core_wall_time": 0.029644208199988496,
      "single_core_cpu_time": 0.02983119999998962,
      "single_core_wall_time_std": 0.00047351050362319074
    },
    "XGBoost": {
      "best_params": {
        "n_estimators": 305,
        "max_depth": 18,
        "learning_rate": 0.6372493110823944,
        "gamma": 0.7216003271371486,
        "min_child_weight": 9,
        "subsample": 0.7760773967030155,
        "colsample_bytree": 0.5551317811100623,
        "reg_alpha": 2.6211936271713344e-05,
        "reg_lambda": 1.5068011151742656e-06
      },
      "f1_mean": 0.7093092229059678,
      "f1_std": 0.06946468243111384,
      "f1_median": 0.7092473118279571,
      "f1_q25": 0.6579265137139899,
      "f1_q75": 0.7559934231862852,
      "roc_auc_mean": 0.6425013724198507,
      "roc_auc_std": 0.11077161116595916,
      "roc_auc_median": 0.638586956521739,
      "roc_auc_q25": 0.5702507411067194,
      "roc_auc_q75": 0.7232275197628458,
      "avg_fit_time": 0.04290992657343547,
      "std_fit_time": 0.0017537703586119867,
      "n_evaluations": 300,
      "wall_time": 0.052609208000035323,
      "cpu_time": 0.06847199999992881,
      "memory_peak_mb": 0.226959228515625,
      "memory_used_mb": 0.006619453430175781,
      "memory_increment_mb": 0.0625,
      "system_memory_before_mb": 719.609375,
      "system_memory_after_mb": 719.671875,
      "total_energy_joules": 4.450685691042356,
      "cpu_energy_joules": 4.450679999995373,
      "memory_energy_joules": 5.6910469829976995e-06,
      "energy_kwh": 1.2363015808450989e-06,
      "co2_kg": 6.181507904225494e-07,
      "co2_grams": 0.0006181507904225495,
      "model_size_bytes": 226560,
      "model_size_mb": 0.216064453125,
      "single_core_wall_time": 0.017295816999990166,
      "single_core_cpu_time": 0.018578800000022967,
      "single_core_wall_time_std": 0.0004597652828159643
    },
    "LightGBM": {
      "best_params": {
        "boosting_type": "dart",
        "num_leaves": 156,
        "learning_rate": 0.02501184309054451,
        "n_estimators": 672,
        "max_depth": 1,
        "min_child_samples": 8,
        "subsample": 0.950838883250745,
        "colsample_bytree": 0.8845616015604499,
        "reg_alpha": 0.8109022079795732,
        "reg_lambda": 0.00614191106024552,
        "min_split_gain": 3.5320949889629183e-07
      },
      "f1_mean": 0.7291630672679483,
      "f1_std": 0.060631751849498414,
      "f1_median": 0.7288786482334869,
      "f1_q25": 0.689910775566232,
      "f1_q75": 0.775,
      "roc_auc_mean": 0.6925047119748206,
      "roc_auc_std": 0.10927626878731908,
      "roc_auc_median": 0.6931818181818181,
      "roc_auc_q25": 0.612401185770751,
      "roc_auc_q75": 0.7744565217391305,
      "avg_fit_time": 0.26247382640838623,
      "std_fit_time": 0.014655310490401398,
      "n_evaluations": 300,
      "wall_time": 0.268760584000006,
      "cpu_time": 0.3932199999999284,
      "memory_peak_mb": 1.4983453750610352,
      "memory_used_mb": 0.006775856018066406,
      "memory_increment_mb": 0.0,
      "system_memory_before_mb": 536.578125,
      "system_memory_after_mb": 536.578125,
      "total_energy_joules": 25.559515763924196,
      "cpu_energy_joules": 25.559299999995346,
      "memory_energy_joules": 0.00021576392885060778,
      "energy_kwh": 7.099865489978943e-06,
      "co2_kg": 3.5499327449894716e-06,
      "co2_grams": 0.0035499327449894716,
      "model_size_bytes": 255422,
      "model_size_mb": 0.2435894012451172,
      "single_core_wall_time": 0.033717358400031115,
      "single_core_cpu_time": 0.03370360000008077,
      "single_core_wall_time_std": 0.001136908929215054
    },
    "CatBoost": {
      "best_params": {
        "iterations": 85,
        "depth": 13,
        "learning_rate": 0.009732888895607443,
        "l2_leaf_reg": 0.00022903988341321059,
        "random_strength": 5.177192608241476e-07,
        "bagging_temperature": 3.1149107300462817,
        "border_count": 200,
        "grow_policy": "Lossguide",
        "min_data_in_leaf": 99,
        "rsm": 0.8682809586289859
      },
      "f1_mean": 0.718243298147069,
      "f1_std": 0.0628570749490192,
      "f1_median": 0.7200828157349897,
      "f1_q25": 0.6749590834697218,
      "f1_q75": 0.7614814814814815,
      "roc_auc_mean": 0.6899250201288245,
      "roc_auc_std": 0.11401912294194849,
      "roc_auc_median": 0.6924269872639438,
      "roc_auc_q25": 0.613080533596838,
      "roc_auc_q75": 0.7703495553359684,
      "avg_fit_time": 0.005764623483022054,
      "std_fit_time": 0.0005529968529248219,
      "n_evaluations": 300,
      "wall_time": 0.006132374999992862,
      "cpu_time": 0.023548000000118918,
      "memory_peak_mb": 0.0450439453125,
      "memory_used_mb": 0.0031566619873046875,
      "memory_increment_mb": 0.109375,
      "system_memory_before_mb": 538.640625,
      "system_memory_after_mb": 538.75,
      "total_energy_joules": 1.5306203884457756,
      "cpu_energy_joules": 1.5306200000077297,
      "memory_energy_joules": 3.8843804598050777e-07,
      "energy_kwh": 4.2517233012382655e-07,
      "co2_kg": 2.1258616506191328e-07,
      "co2_grams": 0.0002125861650619133,
      "model_size_bytes": 29304,
      "model_size_mb": 0.02794647216796875,
      "single_core_wall_time": 0.005782583200016234,
      "single_core_cpu_time": 0.00899280000003273,
      "single_core_wall_time_std": 0.00036437405746181584
    }
  },
  "statistical_results": {
    "friedman_f1": {
      "statistic": 69.24205914567344,
      "p_value": 6.2021822015261916e-15,
      "significant": true,
      "interpretation": "Models differ significantly"
    },
    "friedman_roc": {
      "statistic": 80.91445823549148,
      "p_value": 1.9537678699319016e-17,
      "significant": true,
      "interpretation": "Models differ significantly"
    },
    "average_ranks": {
      "f1": {
        "LinearBoost": 2.118333333333333,
        "XGBoost": 2.901666666666667,
        "LightGBM": 2.341666666666667,
        "CatBoost": 2.638333333333333
      },
      "roc_auc": {
        "LinearBoost": 2.3916666666666666,
        "XGBoost": 3.0716666666666668,
        "LightGBM": 2.2483333333333335,
        "CatBoost": 2.2883333333333336
      }
    },
    "nemenyi_critical_difference": 0.2707963769657522,
    "pairwise_f1": {
      "LinearBoost_vs_XGBoost": {
        "statistic": 9994.0,
        "p_value": 7.947514815590671e-15,
        "significant_uncorrected": true,