{
  "metadata": {
    "total_records": 351,
    "hp_tuning_records": 351,
    "hp_sample_threshold": 2000,
    "hp_sample_size": 1500,
    "used_sampling": false
  },
  "results": {
    "LinearBoost": {
      "best_params": {
        "n_estimators": 37,
        "learning_rate": 0.5535310038713455,
        "algorithm": "SAMME.R",
        "scaler": "robust",
        "kernel": "rbf",
        "gamma": 2.224727801836994
      },
      "f1_mean": 0.9276033721413908,
      "f1_std": 0.04082108345497218,
      "f1_median": 0.9414502164502165,
      "f1_q25": 0.9145382059800665,
      "f1_q75": 0.9711114047839302,
      "roc_auc_mean": 0.978815665011317,
      "roc_auc_std": 0.02561335926330605,
      "roc_auc_median": 0.9895104895104896,
      "roc_auc_q25": 0.963768115942029,
      "roc_auc_q75": 1.0,
      "avg_fit_time": 0.04187422593434652,
      "std_fit_time": 0.059204505633754775,
      "n_evaluations": 300,
      "wall_time": 0.0632285829999546,
      "cpu_time": 0.04897799999980634,
      "memory_peak_mb": 2.566598892211914,
      "memory_used_mb": 1.192540168762207,
      "memory_increment_mb": 0.265625,
      "system_memory_before_mb": 1300.171875,
      "system_memory_after_mb": 1300.4375,
      "total_energy_joules": 3.183616035221986,
      "cpu_energy_joules": 3.1835699999874123,
      "memory_energy_joules": 4.6035234573580844e-05,
      "energy_kwh": 8.843377875616628e-07,
      "co2_kg": 4.421688937808314e-07,
      "co2_grams": 0.0004421688937808314,
      "model_size_bytes": 1197684,
      "model_size_mb": 1.1422004699707031,
      "single_core_wall_time": 0.0414177915999062,
      "single_core_cpu_time": 0.04141140000010637,
      "single_core_wall_time_std": 0.0006422390231744238
    },
    "XGBoost": {
      "best_params": {
        "n_estimators": 214,
        "max_depth": 12,
        "learning_rate": 0.24087927192132455,
        "gamma": 9.332569024113225e-06,
        "min_child_weight": 1,
        "subsample": 0.566514458465291,
        "colsample_bytree": 0.5195139451488598,
        "reg_alpha": 1.4065101195661332e-05,
        "reg_lambda": 4.325576021381309e-08
      },
      "f1_mean": 0.9290867556019007,
      "f1_std": 0.045744278303134864,
      "f1_median": 0.9414502164502165,
      "f1_q25": 0.9107871720116618,
      "f1_q75": 0.9711746031746031,
      "roc_auc_mean": 0.9732398398702745,
      "roc_auc_std": 0.0301752315646347,
      "roc_auc_median": 0.9825174825174825,
      "roc_auc_q25": 0.9580419580419581,
      "roc_auc_q75": 0.9965034965034966,
      "avg_fit_time": 0.058826428254445395,
      "std_fit_time": 0.0018420294703013595,
      "n_evaluations": 300,
      "wall_time": 0.08861675000002833,
      "cpu_time": 0.11763200000041252,
      "memory_peak_mb": 0.1977519989013672,
      "memory_used_mb": 0.019613265991210938,
      "memory_increment_mb": 0.0,
      "system_memory_before_mb": 1272.3125,
      "system_memory_after_mb": 1272.3125,
      "total_energy_joules": 7.6460885188121415,
      "cpu_energy_joules": 7.646080000026814,
      "memory_energy_joules": 8.518785327702832e-06,
      "energy_kwh": 2.123913477447817e-06,
      "co2_kg": 1.0619567387239086e-06,
      "co2_grams": 0.0010619567387239086,
      "model_size_bytes": 182336,
      "model_size_mb": 0.17388916015625,
      "single_core_wall_time": 0.05197976660001587,
      "single_core_cpu_time": 0.05295340000011493,
      "single_core_wall_time_std": 0.0007143114836385431
    },
    "LightGBM": {
      "best_params": {
        "boosting_type": "goss",
        "num_leaves": 205,
        "learning_rate": 0.13768236412361542,
        "n_estimators": 352,
        "max_depth": 9,
        "min_child_samples": 1,
        "subsample": 0.8080225205560809,
        "colsample_bytree": 0.704693694234299,
        "reg_alpha": 4.4096284157638804e-05,
        "reg_lambda": 0.0003316082738449684,
        "min_split_gain": 0.00031000182677459547
      },
      "f1_mean": 0.9337706376004904,
      "f1_std": 0.04550249801573312,
      "f1_median": 0.9417184265010352,
      "f1_q25": 0.9114312144839434,
      "f1_q75": 0.9711746031746031,
      "roc_auc_mean": 0.9767685213337387,
      "roc_auc_std": 0.026808267330427703,
      "roc_auc_median": 0.986013986013986,
      "roc_auc_q25": 0.963768115942029,
      "roc_auc_q75": 0.9966555183946488,
      "avg_fit_time": 0.10448009173075358,
      "std_fit_time": 0.005048059769130247,
      "n_evaluations": 300,
      "wall_time": 0.11187212499999077,
      "cpu_time": 0.17263699999966775,
      "memory_peak_mb": 1.496938705444336,
      "memory_used_mb": 0.007889747619628906,
      "memory_increment_mb": 0.125,
      "system_memory_before_mb": 592.21875,
      "system_memory_after_mb": 592.34375,
      "total_energy_joules": 11.22149963877502,
      "cpu_energy_joules": 11.221404999978404,
      "memory_energy_joules": 9.463879661546501e-05,
      "energy_kwh": 3.117083232993061e-06,
      "co2_kg": 1.5585416164965305e-06,
      "co2_grams": 0.0015585416164965306,
      "model_size_bytes": 252737,
      "model_size_mb": 0.2410287857055664,
      "single_core_wall_time": 0.03598599999995713,
      "single_core_cpu_time": 0.03597760000011476,
      "single_core_wall_time_std": 0.0004433621471037014
    },
    "CatBoost": {
      "best_params": {
        "iterations": 425,
        "depth": 14,
        "learning_rate": 0.04027300435303168,
        "l2_leaf_reg": 4.543370754237163e-05,
        "random_strength": 0.43447001003745483,
        "bagging_temperature": 4.286618442614661,
        "border_count": 190,
        "grow_policy": "Lossguide",
        "min_data_in_leaf": 74,
        "rsm": 0.6681571017247151
      },
      "f1_mean": 0.9434901394967076,
      "f1_std": 0.04079960536972616,
      "f1_median": 0.9428571428571428,
      "f1_q25": 0.9135238095238096,
      "f1_q75": 0.9711746031746031,
      "roc_auc_mean": 0.9780327522718828,
      "roc_auc_std": 0.02623922237834349,
      "roc_auc_median": 0.9891304347826086,
      "roc_auc_q25": 0.9665551839464883,
      "roc_auc_q75": 1.0,
      "avg_fit_time": 0.17614767233530682,
      "std_fit_time": 0.009496991821515572,
      "n_evaluations": 300,
      "wall_time": 0.18927654100025393,
      "cpu_time": 0.7307869999995091,
      "memory_peak_mb": 0.09051513671875,
      "memory_used_mb": 0.04935264587402344,
      "memory_increment_mb": 0.0625,
      "system_memory_before_mb": 582.5,
      "system_memory_after_mb": 582.5625,
      "total_energy_joules": 47.50117922382743,
      "cpu_energy_joules": 47.501154999968094,
      "memory_energy_joules": 2.4223859332485617e-05,
      "energy_kwh": 1.319477200661873e-05,
      "co2_kg": 6.597386003309365e-06,
      "co2_grams": 0.006597386003309365,
      "model_size_bytes": 203143,
      "model_size_mb": 0.19373226165771484,
      "single_core_wall_time": 0.44881757539997125,
      "single_core_cpu_time": 0.4513888000001316,
      "single_core_wall_time_std": 0.009992538513659284
    }
  },
  "statistical_results": {
    "friedman_f1": {
      "statistic": 39.449691991786985,
      "p_value": 1.3937597553458338e-08,
      "significant": true,
      "interpretation": "Models differ significantly"
    },
    "friedman_roc": {
      "statistic": 29.70704573547634,
      "p_value": 1.5904151626978596e-06,
      "significant": true,
      "interpretation": "Models differ significantly"
    },
    "average_ranks": {
      "f1": {
        "LinearBoost": 2.4466666666666668,
        "XGBoost": 2.77,
        "LightGBM": 2.59,
        "CatBoost": 2.1933333333333334
      },
      "roc_auc": {
        "LinearBoost": 2.2916666666666665,
        "XGBoost": 2.77,
        "LightGBM": 2.5566666666666666,
        "CatBoost": 2.381666666666667
      }
    },
    "nemenyi_critical_difference": 0.2707963769657522,
    "pairwise_f1": {
      "LinearBoost_vs_XGBoost": {
        "statistic": 18937.5,
        "p_value": 0.2581321134702662,
        "significant_uncorrected": false,
        "significant_bonferroni": false,
        "effect_size": 0.14,