{
  "metadata": {
    "total_records": 155,
    "hp_tuning_records": 155,
    "hp_sample_threshold": 2000,
    "hp_sample_size": 1500,
    "used_sampling": false
  },
  "results": {
    "LinearBoost": {
      "best_params": {
        "n_estimators": 348,
        "learning_rate": 0.17752496470767481,
        "algorithm": "SAMME",
        "scaler": "standard",
        "kernel": "linear"
      },
      "f1_mean": 0.8414854144205232,
      "f1_std": 0.08679918594172902,
      "f1_median": 0.8384615384615385,
      "f1_q25": 0.7840000000000001,
      "f1_q75": 0.8854166666666666,
      "roc_auc_mean": 0.8298005698005698,
      "roc_auc_std": 0.14119168164836282,
      "roc_auc_median": 0.8611111111111112,
      "roc_auc_q25": 0.7387152777777777,
      "roc_auc_q75": 0.9444444444444445,
      "avg_fit_time": 0.04327294747034709,
      "std_fit_time": 0.050799973486930654,
      "n_evaluations": 300,
      "wall_time": 0.05916391699997803,
      "cpu_time": 0.045270000000073196,
      "memory_peak_mb": 0.1913461685180664,
      "memory_used_mb": 0.1038970947265625,
      "memory_increment_mb": 0.1875,
      "system_memory_before_mb": 845.921875,
      "system_memory_after_mb": 846.109375,
      "total_energy_joules": 2.942553172212173,
      "cpu_energy_joules": 2.9425500000047577,
      "memory_energy_joules": 3.172207415341872e-06,
      "energy_kwh": 8.173758811700481e-07,
      "co2_kg": 4.0868794058502404e-07,
      "co2_grams": 0.00040868794058502406,
      "model_size_bytes": 49809,
      "model_size_mb": 0.047501564025878906,
      "single_core_wall_time": 0.03831864159997167,
      "single_core_cpu_time": 0.03831300000001647,
      "single_core_wall_time_std": 0.0005586479949539546
    },
    "XGBoost": {
      "best_params": {
        "n_estimators": 39,
        "max_depth": 6,
        "learning_rate": 0.14261276335089915,
        "gamma": 0.001918920726440116,
        "min_child_weight": 1,
        "subsample": 0.6380685196621129,
        "colsample_bytree": 0.968260787505607,
        "reg_alpha": 0.10603735108255578,
        "reg_lambda": 0.032583959336852174
      },
      "f1_mean": 0.8251447692052427,
      "f1_std": 0.0848492336741402,
      "f1_median": 0.8384615384615385,
      "f1_q25": 0.7697916666666667,
      "f1_q75": 0.875,
      "roc_auc_mean": 0.8463817663817663,
      "roc_auc_std": 0.1194147665112901,
      "roc_auc_median": 0.8664529914529915,
      "roc_auc_q25": 0.7777777777777779,
      "roc_auc_q75": 0.9444444444444444,
      "avg_fit_time": 0.01652040481567383,
      "std_fit_time": 0.0007280766767230049,
      "n_evaluations": 300,
      "wall_time": 0.02222041699997135,
      "cpu_time": 0.028440000000045984,
      "memory_peak_mb": 0.08525753021240234,
      "memory_used_mb": 0.03760051727294922,
      "memory_increment_mb": 0.015625,
      "system_memory_before_mb": 847.8125,
      "system_memory_after_mb": 847.828125,
      "total_energy_joules": 1.8486008879634965,
      "cpu_energy_joules": 1.848600000002989,
      "memory_energy_joules": 8.879605075358801e-07,
      "energy_kwh": 5.135002466565269e-07,
      "co2_kg": 2.567501233282634e-07,
      "co2_grams": 0.00025675012332826343,
      "model_size_bytes": 45523,
      "model_size_mb": 0.04341411590576172,
      "single_core_wall_time": 0.009728249599993433,
      "single_core_cpu_time": 0.010973800000010669,
      "single_core_wall_time_std": 0.00022215021882749763
    },
    "LightGBM": {
      "best_params": {
        "boosting_type": "goss",
        "num_leaves": 54,
        "learning_rate": 0.04157530054026933,
        "n_estimators": 810,
        "max_depth": 7,
        "min_child_samples": 6,
        "subsample": 0.8721409507537878,
        "colsample_bytree": 0.7973437044234273,
        "reg_alpha": 0.0008741916544921933,
        "reg_lambda": 0.00029418178303440193,
        "min_split_gain": 3.4911590424098734e-07
      },
      "f1_mean": 0.8321963089168961,
      "f1_std": 0.08240032144063193,
      "f1_median": 0.8384615384615385,
      "f1_q25": 0.7840000000000001,
      "f1_q75": 0.8772727272727272,
      "roc_auc_mean": 0.83497150997151,
      "roc_auc_std": 0.1263507971022629,
      "roc_auc_median": 0.8611111111111112,
      "roc_auc_q25": 0.7692307692307693,
      "roc_auc_q75": 0.9230769230769231,
      "avg_fit_time": 0.23839736461639405,
      "std_fit_time": 0.004617439778080562,
      "n_evaluations": 300,
      "wall_time": 0.26450116700016224,
      "cpu_time": 0.3845779999996921,
      "memory_peak_mb": 2.321284294128418,
      "memory_used_mb": 0.007935523986816406,
      "memory_increment_mb": 0.015625,
      "system_memory_before_mb": 879.671875,
      "system_memory_after_mb": 879.6875,
      "total_energy_joules": 24.997896921929915,
      "cpu_energy_joules": 24.997569999979987,
      "memory_energy_joules": 0.00032692194992673486,
      "energy_kwh": 6.9438602560916426e-06,
      "co2_kg": 3.4719301280458213e-06,
      "co2_grams": 0.003471930128045821,
      "model_size_bytes": 686651,
      "model_size_mb": 0.654841423034668,
      "single_core_wall_time": 0.03112496679996184,
      "single_core_cpu_time": 0.031121400000120047,
      "single_core_wall_time_std": 0.00011101414805885605
    },
    "CatBoost": {
      "best_params": {
        "iterations": 361,
        "depth": 15,
        "learning_rate": 0.022708144988263852,
        "l2_leaf_reg": 0.005548843977161188,
        "random_strength": 1.2400788445290166e-05,
        "bagging_temperature": 7.393879541059491,
        "border_count": 59,
        "grow_policy": "Depthwise",
        "min_data_in_leaf": 38,
        "rsm": 0.15291818964355525
      },
      "f1_mean": 0.8601247712348823,
      "f1_std": 0.08373483090528783,
      "f1_median": 0.8666666666666667,
      "f1_q25": 0.8028571428571429,
      "f1_q75": 0.928,
      "roc_auc_mean": 0.8907621082621083,
      "roc_auc_std": 0.11012930767868122,
      "roc_auc_median": 0.9166666666666667,
      "roc_auc_q25": 0.8521634615384616,
      "roc_auc_q75": 0.9722222222222223,
      "avg_fit_time": 0.06828845024108887,
      "std_fit_time": 0.0008537510700546912,
      "n_evaluations": 300,
      "wall_time": 0.0714020000000346,
      "cpu_time": 0.2671949999999015,
      "memory_peak_mb": 0.06595802307128906,
      "memory_used_mb": 0.024379730224609375,
      "memory_increment_mb": 0.046875,
      "system_memory_before_mb": 880.03125,
      "system_memory_after_mb": 880.078125,
      "total_energy_joules": 17.36768145396844,
      "cpu_energy_joules": 17.367674999993596,
      "memory_energy_joules": 6.453974844186981e-06,
      "energy_kwh": 4.824355959435678e-06,
      "co2_kg": 2.412177979717839e-06,
      "co2_grams": 0.002412177979717839,
      "model_size_bytes": 116530,
      "model_size_mb": 0.11113166809082031,
      "single_core_wall_time": 0.058614924800031075,
      "single_core_cpu_time": 0.06277780000000348,
      "single_core_wall_time_std": 0.0009958978588085218
    }
  },
  "statistical_results": {
    "friedman_f1": {
      "statistic": 57.21685201026563,
      "p_value": 2.310048795698662e-12,
      "significant": true,
      "interpretation": "Models differ significantly"
    },
    "friedman_roc": {
      "statistic": 177.5298759864713,
      "p_value": 3.012166717213903e-38,
      "significant": true,
      "interpretation": "Models differ significantly"
    },
    "average_ranks": {
      "f1": {
        "LinearBoost": 2.4283333333333332,
        "XGBoost": 2.7683333333333335,
        "LightGBM": 2.6766666666666667,
        "CatBoost": 2.1266666666666665
      },
      "roc_auc": {
        "LinearBoost": 2.7016666666666667,
        "XGBoost": 2.7383333333333333,
        "LightGBM": 2.8633333333333333,
        "CatBoost": 1.6966666666666668
      }
    },
    "nemenyi_critical_difference": 0.2707963769657522,
    "pairwise_f1": {
      "LinearBoost_vs_XGBoost": {
        "statistic": 13424.5,
        "p_value": 0.004709452573808747,
        "significant_uncorrected": true,