{
  "metadata": {
    "total_records": 569,
    "hp_tuning_records": 569,
    "hp_sample_threshold": 2000,
    "hp_sample_size": 1500,
    "used_sampling": false
  },
  "results": {
    "LinearBoost": {
      "best_params": {
        "n_estimators": 185,
        "learning_rate": 0.13139376168459194,
        "algorithm": "SAMME.R",
        "scaler": "minmax",
        "kernel": "linear"
      },
      "f1_mean": 0.972621356790591,
      "f1_std": 0.021133795301957845,
      "f1_median": 0.9823623542652152,
      "f1_q25": 0.9645092460881936,
      "f1_q75": 0.982536590411502,
      "roc_auc_mean": 0.9935030005268101,
      "roc_auc_std": 0.009413946687427847,
      "roc_auc_median": 0.9973544973544973,
      "roc_auc_q25": 0.9907407407407407,
      "roc_auc_q75": 1.0,
      "avg_fit_time": 0.04179311831792196,
      "std_fit_time": 0.05311534078171948,
      "n_evaluations": 300,
      "wall_time": 0.0627484579999873,
      "cpu_time": 0.05082399999992049,
      "memory_peak_mb": 0.6003713607788086,
      "memory_used_mb": 0.22153091430664062,
      "memory_increment_mb": 0.15625,
      "system_memory_before_mb": 614.6875,
      "system_memory_after_mb": 614.84375,
      "total_energy_joules": 3.3035711742895244,
      "cpu_energy_joules": 3.3035599999948317,
      "memory_energy_joules": 1.1174294692446691e-05,
      "energy_kwh": 9.176586595248679e-07,
      "co2_kg": 4.5882932976243393e-07,
      "co2_grams": 0.00045882932976243395,
      "model_size_bytes": 168433,
      "model_size_mb": 0.1606302261352539,
      "single_core_wall_time": 0.04953783339997244,
      "single_core_cpu_time": 0.049530200000299375,
      "single_core_wall_time_std": 0.0009243958644337154
    },
    "XGBoost": {
      "best_params": {
        "n_estimators": 615,
        "max_depth": 15,
        "learning_rate": 0.15372622588046725,
        "gamma": 0.031296623399169214,
        "min_child_weight": 1,
        "subsample": 0.5430532063241129,
        "colsample_bytree": 0.8379810753775685,
        "reg_alpha": 0.0008789409121444085,
        "reg_lambda": 1.7484446310476255e-05
      },
      "f1_mean": 0.9708902028728308,
      "f1_std": 0.021123337350639742,
      "f1_median": 0.9652084757347915,
      "f1_q25": 0.9638888888888888,
      "f1_q75": 0.982536590411502,
      "roc_auc_mean": 0.9935234086900755,
      "roc_auc_std": 0.008903163046262229,
      "roc_auc_median": 0.9973544973544973,
      "roc_auc_q25": 0.9895622895622895,
      "roc_auc_q75": 1.0,
      "avg_fit_time": 0.11704234600067139,
      "std_fit_time": 0.002230204052768508,
      "n_evaluations": 300,
      "wall_time": 0.16579483300029096,
      "cpu_time": 0.22238500000003114,
      "memory_peak_mb": 0.46256065368652344,
      "memory_used_mb": 0.018672943115234375,
      "memory_increment_mb": 0.0,
      "system_memory_before_mb": 630.578125,
      "system_memory_after_mb": 630.578125,
      "total_energy_joules": 14.455062670858092,
      "cpu_energy_joules": 14.455025000002024,
      "memory_energy_joules": 3.7670856068148895e-05,
      "energy_kwh": 4.01529518634947e-06,
      "co2_kg": 2.007647593174735e-06,
      "co2_grams": 0.002007647593174735,
      "model_size_bytes": 460967,
      "model_size_mb": 0.43961238861083984,
      "single_core_wall_time": 0.11444584159999067,
      "single_core_cpu_time": 0.11609720000014931,
      "single_core_wall_time_std": 0.0031962222701599407
    },
    "LightGBM": {
      "best_params": {
        "boosting_type": "dart",
        "num_leaves": 9,
        "learning_rate": 0.2975684733956625,
        "n_estimators": 912,
        "max_depth": 1,
        "min_child_samples": 87,
        "subsample": 0.5695353211422582,
        "colsample_bytree": 0.5897880596213481,
        "reg_alpha": 5.313806103593375e-07,
        "reg_lambda": 4.741648025818918e-06,
        "min_split_gain": 8.002472442665058e-05
      },
      "f1_mean": 0.9694321909211809,
      "f1_std": 0.022270357550854353,
      "f1_median": 0.9652084757347915,
      "f1_q25": 0.964186507936508,
      "f1_q75": 0.9823756902902523,
      "roc_auc_mean": 0.9942743191552714,
      "roc_auc_std": 0.007517362274180766,
      "roc_auc_median": 0.9974025974025974,
      "roc_auc_q25": 0.9907407407407407,
      "roc_auc_q75": 1.0,
      "avg_fit_time": 0.4126386125882467,
      "std_fit_time": 0.011948136738309221,
      "n_evaluations": 300,
      "wall_time": 0.4467437090002022,
      "cpu_time": 0.6569829999998547,
      "memory_peak_mb": 1.6801300048828125,
      "memory_used_mb": 0.007874488830566406,
      "memory_increment_mb": -4.28125,
      "system_memory_before_mb": 612.328125,
      "system_memory_after_mb": 608.046875,
      "total_energy_joules": 42.70429922979439,
      "cpu_energy_joules": 42.70389499999055,
      "memory_energy_joules": 0.0004042298038321584,
      "energy_kwh": 1.1862305341609552e-05,
      "co2_kg": 5.931152670804776e-06,
      "co2_grams": 0.005931152670804776,
      "model_size_bytes": 347665,
      "model_size_mb": 0.3315591812133789,
      "single_core_wall_time": 0.080060608200165,
      "single_core_cpu_time": 0.0800522000001365,
      "single_core_wall_time_std": 0.001514885353291938
    },
    "CatBoost": {
      "best_params": {
        "iterations": 452,
        "depth": 1,
        "learning_rate": 0.13814604741127534,
        "l2_leaf_reg": 0.0003381091589220279,
        "random_strength": 6.743560200606654e-06,
        "bagging_temperature": 3.755574439408813,
        "border_count": 151,
        "grow_policy": "Depthwise",
        "min_data_in_leaf": 3,
        "rsm": 0.6113258326982673
      },
      "f1_mean": 0.9729705215488714,
      "f1_std": 0.021776588165325055,
      "f1_median": 0.9823623542652152,
      "f1_q25": 0.9645092460881936,
      "f1_q75": 0.982536590411502,
      "roc_auc_mean": 0.9941687395496918,
      "roc_auc_std": 0.008035713056827784,
      "roc_auc_median": 0.9973544973544974,
      "roc_auc_q25": 0.992063492063492,
      "roc_auc_q75": 1.0,
      "avg_fit_time": 0.07161104520161947,
      "std_fit_time": 0.002398367600094319,
      "n_evaluations": 300,
      "wall_time": 0.07416495799998302,
      "cpu_time": 0.2649599999995189,
      "memory_peak_mb": 0.08375930786132812,
      "memory_used_mb": 0.04248619079589844,
      "memory_increment_mb": 0.03125,
      "system_memory_before_mb": 590.640625,
      "system_memory_after_mb": 590.671875,
      "total_energy_joules": 17.22240812723907,
      "cpu_energy_joules": 17.22239999996873,
      "memory_energy_joules": 8.127270340904738e-06,
      "energy_kwh": 4.784002257566409e-06,
      "co2_kg": 2.3920011287832044e-06,
      "co2_grams": 0.0023920011287832045,
      "model_size_bytes": 71219,
      "model_size_mb": 0.06791973114013672,
      "single_core_wall_time": 0.09167902500012133,
      "single_core_cpu_time": 0.09114840000002004,
      "single_core_wall_time_std": 0.006304071970394576
    }
  },
  "statistical_results": {
    "friedman_f1": {
      "statistic": 16.012917594655022,
      "p_value": 0.001127090125293627,
      "significant": true,
      "interpretation": "Models differ significantly"
    },
    "friedman_roc": {
      "statistic": 2.30438799076277,
      "p_value": 0.5116808056908311,
      "significant": false,
      "interpretation": "No significant difference"
    },
    "average_ranks": {
      "f1": {
        "LinearBoost": 2.395,
        "XGBoost": 2.506666666666667,
        "LightGBM": 2.7083333333333335,
        "CatBoost": 2.39
      },
      "roc_auc": {
        "LinearBoost": 2.47,
        "XGBoost": 2.5716666666666668,
        "LightGBM": 2.513333333333333,
        "CatBoost": 2.445
      }
    },
    "nemenyi_critical_difference": 0.2707963769657522,
    "pairwise_f1": {
      "LinearBoost_vs_XGBoost": {
        "statistic": 10483.0,
        "p_value": 0.36729720243363095,
        "significant_uncorrected": false,
        "significant_bonferroni": false,
        "effect_size": 0.07333333333333333,
        "better_model": "LinearBoost",