{
  "LinearBoost": {
    "best_params": {
      "n_estimators": 53,
      "learning_rate": 0.12591153352764975,
      "algorithm": "SAMME.R",
      "scaler": "quantile-uniform",
      "kernel": "linear"
    },
    "f1_mean": 0.8113130511463845,
    "f1_std": 0.17046425860951359,
    "f1_median": 0.8380952380952381,
    "f1_q25": 0.6666666666666666,
    "f1_q75": 1.0,
    "roc_auc_mean": 0.8565277777777779,
    "roc_auc_std": 0.16094405850833948,
    "roc_auc_median": 0.875,
    "roc_auc_q25": 0.75,
    "roc_auc_q75": 1.0,
    "avg_fit_time": 0.08755901018778484,
    "std_fit_time": 0.0075376835418476664,
    "n_evaluations": 300,
    "wall_time": 0.27102508407551795,
    "cpu_time": 0.2560949999999984,
    "memory_peak_mb": 3.97469425201416,
    "memory_used_mb": 2.4474048614501953,
    "memory_increment_mb": 19.40625,
    "system_memory_before_mb": 85.671875,
    "system_memory_after_mb": 105.078125,
    "total_energy_joules": 16.64654776586579,
    "cpu_energy_joules": 16.646174999999896,
    "memory_energy_joules": 0.00037276586589461426,
    "energy_kwh": 4.624041046073831e-06,
    "co2_kg": 2.3120205230369155e-06,
    "co2_grams": 0.0023120205230369156,
    "model_size_bytes": 2381000,
    "model_size_mb": 2.2706985473632812
  },
  "XGBoost": {
    "best_params": {
      "n_estimators": 52,
      "max_depth": 9,
      "learning_rate": 0.09069646594211754,
      "gamma": 1.202036687028418e-05,
      "min_child_weight": 1,
      "subsample": 0.9884366575915944,
      "colsample_bytree": 0.620205643733269,
      "reg_alpha": 0.7013640287412805,
      "reg_lambda": 0.0037381595532027627
    },
    "f1_mean": 0.7592976591309925,
    "f1_std": 0.17044899474415087,
    "f1_median": 0.8148148148148148,
    "f1_q25": 0.6666666666666666,
    "f1_q75": 0.8507936507936508,
    "roc_auc_mean": 0.854722222222222,
    "roc_auc_std": 0.15849674802910774,
    "roc_auc_median": 0.875,
    "roc_auc_q25": 0.75,
    "roc_auc_q75": 1.0,
    "avg_fit_time": 0.19109707276026408,
    "std_fit_time": 0.022530234039838046,
    "n_evaluations": 300,
    "wall_time": 0.8606611660216004,
    "cpu_time": 1.0912689999999987,
    "memory_peak_mb": 6.037053108215332,
    "memory_used_mb": 3.83184814453125,
    "memory_increment_mb": 38.0,
    "system_memory_before_mb": 87.265625,
    "system_memory_after_mb": 125.265625,
    "total_energy_joules": 70.93489761556694,
    "cpu_energy_joules": 70.93248499999991,
    "memory_energy_joules": 0.0024126155670223495,
    "energy_kwh": 1.9704138226546372e-05,
    "co2_kg": 9.852069113273186e-06,
    "co2_grams": 0.009852069113273186,
    "model_size_bytes": 104165,
    "model_size_mb": 0.09933948516845703
  },
  "LightGBM": {
    "best_params": {
      "boosting_type": "dart",
      "num_leaves": 52,
      "learning_rate": 0.08025236280740224,
      "n_estimators": 387,
      "max_depth": 8,
      "min_child_samples": 4,
      "subsample": 0.5384815019414078,
      "colsample_bytree": 0.5717749970115283,
      "reg_alpha": 0.008234951897636948,
      "reg_lambda": 4.1317704201678054e-05,
      "min_split_gain": 4.622571373221078e-07
    },
    "f1_mean": 0.7691265031265032,
    "f1_std": 0.1618100860567326,
    "f1_median": 0.8148148148148148,
    "f1_q25": 0.6666666666666666,
    "f1_q75": 0.8412698412698413,
    "roc_auc_mean": 0.8420833333333333,
    "roc_auc_std": 0.16996340156154316,
    "roc_auc_median": 0.875,
    "roc_auc_q25": 0.75,
    "roc_auc_q75": 1.0,
    "avg_fit_time": 8.728229294617972,
    "std_fit_time": 0.3143029461237979,
    "n_evaluations": 300,
    "wall_time": 1.3127052910858765,
    "cpu_time": 5.431471000000002,
    "memory_peak_mb": 1.8517818450927734,
    "memory_used_mb": 0.07964611053466797,
    "memory_increment_mb": 61.09375,
    "system_memory_before_mb": 58.859375,
    "system_memory_after_mb": 119.953125,
    "total_energy_joules": 353.04929831276496,
    "cpu_energy_joules": 353.0456150000001,
    "memory_energy_joules": 0.003683312764873497,
    "energy_kwh": 9.80692495313236e-05,
    "co2_kg": 4.90346247656618e-05,
    "co2_grams": 0.0490346247656618,
    "model_size_bytes": 353076,
    "model_size_mb": 0.3367195129394531
  },
  "CatBoost": {
    "best_params": {
      "iterations": 170,
      "depth": 12,
      "learning_rate": 0.013162329229016605,
      "l2_leaf_reg": 0.015025046341114784,
      "random_strength": 3.136342045353881e-07,
      "bagging_temperature": 1.9137283073453903,
      "border_count": 224,
      "grow_policy": "Lossguide",
      "min_data_in_leaf": 13,
      "rsm": 0.7247932585950518
    },
    "f1_mean": 0.7775687029020363,
    "f1_std": 0.16634587738029893,
    "f1_median": 0.8148148148148148,
    "f1_q25": 0.6666666666666666,
    "f1_q75": 0.8507936507936508,
    "roc_auc_mean": 0.8365277777777778,
    "roc_auc_std": 0.18218130257019471,
    "roc_auc_median": 0.875,
    "roc_auc_q25": 0.75,
    "roc_auc_q75": 1.0,
    "avg_fit_time": 1.145967043240865,
    "std_fit_time": 0.1920128576951662,
    "n_evaluations": 300,
    "wall_time": 0.9344251250149682,
    "cpu_time": 8.324718999999998,
    "memory_peak_mb": 3.8556976318359375,
    "memory_used_mb": 3.706636428833008,
    "memory_increment_mb": 31.71875,
    "system_memory_before_mb": 84.21875,
    "system_memory_after_mb": 115.9375,
    "total_energy_joules": 541.1184894919435,
    "cpu_energy_joules": 541.1067349999998,
    "memory_energy_joules": 0.011754491943603378,
    "energy_kwh": 0.00015031069152553986,
    "co2_kg": 7.515534576276993e-05,
    "co2_grams": 0.07515534576276993,
    "model_size_bytes": 198937,
    "model_size_mb": 0.18972110748291016
  }
}