{
  "LinearBoost": {
    "best_params": {
      "n_estimators": 256,
      "learning_rate": 0.017271932037242994,
      "algorithm": "SAMME",
      "scaler": "minmax",
      "kernel": "sigmoid",
      "gamma": 0.8075481072939392,
      "coef0": 0.5575115744979403
    },
    "f1_mean": 0.7382423580673283,
    "f1_std": 0.06957581586387938,
    "f1_median": 0.7419354838709677,
    "f1_q25": 0.6874738165060745,
    "f1_q75": 0.7819354838709677,
    "roc_auc_mean": 0.6873269378568292,
    "roc_auc_std": 0.10851708217660205,
    "roc_auc_median": 0.6930583003952568,
    "roc_auc_q25": 0.6167551877470356,
    "roc_auc_q75": 0.7554965415019763,
    "avg_fit_time": 0.07884878794352214,
    "std_fit_time": 0.010528304755349431,
    "n_evaluations": 300,
    "wall_time": 0.17494187500005864,
    "cpu_time": 0.1633210000000016,
    "memory_peak_mb": 2.7283525466918945,
    "memory_used_mb": 1.5912847518920898,
    "memory_increment_mb": 21.109375,
    "system_memory_before_mb": 141.203125,
    "system_memory_after_mb": 162.3125,
    "total_energy_joules": 10.616028182592736,
    "cpu_energy_joules": 10.615865000000104,
    "memory_energy_joules": 0.00016318259263120287,
    "energy_kwh": 2.948896717386871e-06,
    "co2_kg": 1.4744483586934355e-06,
    "co2_grams": 0.0014744483586934356,
    "model_size_bytes": 1120973,
    "model_size_mb": 1.0690431594848633,
    "single_core_wall_time": 0.17563422499997614,
    "single_core_cpu_time": 0.16423720000000053,
    "single_core_wall_time_std": 0.0040644838488079395
  },
  "XGBoost": {
    "best_params": {
      "n_estimators": 568,
      "max_depth": 1,
      "learning_rate": 0.010104492505494531,
      "gamma": 5.563898024959064e-06,
      "min_child_weight": 3,
      "subsample": 0.5436819210974533,
      "colsample_bytree": 0.5980934179946592,
      "reg_alpha": 0.0011814368553960575,
      "reg_lambda": 0.02252065720703869
    },
    "f1_mean": 0.7112256806095882,
    "f1_std": 0.06002374546297697,
    "f1_median": 0.701291675120038,
    "f1_q25": 0.6693333333333334,
    "f1_q75": 0.7550514002126905,
    "roc_auc_mean": 0.7069500256185038,
    "roc_auc_std": 0.11056373450651469,
    "roc_auc_median": 0.7099116161616161,
    "roc_auc_q25": 0.6345108695652174,
    "roc_auc_q75": 0.7887228260869565,
    "avg_fit_time": 0.013966747919718425,
    "std_fit_time": 0.001353207908091375,
    "n_evaluations": 300,
    "wall_time": 0.29805512500024633,
    "cpu_time": 1.2517370000000003,
    "memory_peak_mb": 0.10108757019042969,
    "memory_used_mb": 0.089019775390625,
    "memory_increment_mb": 11.171875,
    "system_memory_before_mb": 164.625,
    "system_memory_after_mb": 175.796875,
    "total_energy_joules": 81.36295133851999,
    "cpu_energy_joules": 81.36290500000003,
    "memory_energy_joules": 4.633851996366867e-05,
    "energy_kwh": 2.2600819816255552e-05,
    "co2_kg": 1.1300409908127776e-05,
    "co2_grams": 0.011300409908127775,
    "model_size_bytes": 435831,
    "model_size_mb": 0.41564083099365234,
    "single_core_wall_time": 0.036391208199984246,
    "single_core_cpu_time": 0.03699260000000067,
    "single_core_wall_time_std": 0.0008836082514618945
  },
  "LightGBM": {
    "best_params": {
      "boosting_type": "dart",
      "num_leaves": 206,
      "learning_rate": 0.03631262195672097,
      "n_estimators": 188,
      "max_depth": 4,
      "min_child_samples": 66,
      "subsample": 0.9054912729695066,
      "colsample_bytree": 0.9599075706210292,
      "reg_alpha": 0.0004894335472518916,
      "reg_lambda": 1.9841929990978706e-08,
      "min_split_gain": 0.4882633112146015
    },
    "f1_mean": 0.7047563400228418,
    "f1_std": 0.06119870910530575,
    "f1_median": 0.7030885380919697,
    "f1_q25": 0.6584022239619962,
    "f1_q75": 0.7471903982542281,
    "roc_auc_mean": 0.6718265078319425,
    "roc_auc_std": 0.11135998941598921,
    "roc_auc_median": 0.6708250988142292,
    "roc_auc_q25": 0.6005434782608695,
    "roc_auc_q75": 0.7506793478260869,
    "avg_fit_time": 1.3282887188593546,
    "std_fit_time": 0.1014365421455984,
    "n_evaluations": 300,
    "wall_time": 0.20721341599983134,
    "cpu_time": 0.9173109999999998,
    "memory_peak_mb": 1.2614545822143555,
    "memory_used_mb": 0.06512260437011719,
    "memory_increment_mb": 7.109375,
    "system_memory_before_mb": 176.40625,
    "system_memory_after_mb": 183.515625,
    "total_energy_joules": 59.625638759581626,
    "cpu_energy_joules": 59.62521499999998,
    "memory_energy_joules": 0.0004237595816402462,
    "energy_kwh": 1.656267743321712e-05,
    "co2_kg": 8.28133871660856e-06,
    "co2_grams": 0.00828133871660856,
    "model_size_bytes": 101930,
    "model_size_mb": 0.09720802307128906,
    "single_core_wall_time": 0.010315283200088742,
    "single_core_cpu_time": 0.010311199999999942,
    "single_core_wall_time_std": 0.0007827638898428884
  },
  "CatBoost": {
    "best_params": {
      "iterations": 384,
      "depth": 8,
      "learning_rate": 0.0018001434964273657,
      "l2_leaf_reg": 0.00460421018685326,
      "random_strength": 1.2752136774029046e-08,
      "bagging_temperature": 2.403541085149013,
      "border_count": 69,
      "grow_policy": "Lossguide",
      "min_data_in_leaf": 59,
      "rsm": 0.5682296800211979
    },
    "f1_mean": 0.7130867168959947,
    "f1_std": 0.06123275524999123,
    "f1_median": 0.7092473118279571,
    "f1_q25": 0.6693333333333334,
    "f1_q75": 0.7561768876285004,
    "roc_auc_mean": 0.6931970062948324,
    "roc_auc_std": 0.10666823024017394,
    "roc_auc_median": 0.6963109354413701,
    "roc_auc_q25": 0.6140069169960474,
    "roc_auc_q75": 0.7717391304347826,
    "avg_fit_time": 0.06068584203720093,
    "std_fit_time": 0.0035440696400034165,
    "n_evaluations": 300,
    "wall_time": 0.12665566699979536,
    "cpu_time": 0.808406999999999,
    "memory_peak_mb": 0.06418132781982422,
    "memory_used_mb": 0.025854110717773438,
    "memory_increment_mb": 16.015625,
    "system_memory_before_mb": 181.640625,
    "system_memory_after_mb": 197.65625,
    "total_energy_joules": 52.54647400072064,
    "cpu_energy_joules": 52.54645499999994,
    "memory_energy_joules": 1.9000720707583217e-05,
    "energy_kwh": 1.4596242777977957e-05,
    "co2_kg": 7.2981213889889784e-06,
    "co2_grams": 0.0072981213889889785,
    "model_size_bytes": 123362,
    "model_size_mb": 0.11764717102050781,
    "single_core_wall_time": 0.05102849980003157,
    "single_core_cpu_time": 0.053341599999999545,
    "single_core_wall_time_std": 0.0018445576112424776
  },
  "TabPFN": {
    "best_params": {},
    "f1_mean": 0.700689737846695,
    "f1_std": 0.056099641744076424,
    "f1_median": 0.701291675120038,
    "f1_q25": 0.6634775930007347,
    "f1_q75": 0.7432492124667829,
    "roc_auc_mean": 0.7078557312252964,
    "roc_auc_std": 0.10965986902085309,
    "roc_auc_median": 0.702020202020202,
    "roc_auc_q25": 0.6413043478260869,
    "roc_auc_q75": 0.7850378787878789,
    "avg_fit_time": 0.08375535011291504,
    "std_fit_time": 0.13434492597486905,
    "n_evaluations": 300,
    "wall_time": 0.08375535011291504,
    "cpu_time": 0.08375535011291504,
    "memory_peak_mb": 0.0,
    "memory_used_mb": 0.0,
    "memory_increment_mb": 0.0,
    "system_memory_before_mb": 0.0,
    "system_memory_after_mb": 0.0,
    "total_energy_joules": 0.0,
    "cpu_energy_joules": 0.0,
    "memory_energy_joules": 0.0,
    "energy_kwh": 0.0,
    "co2_kg": 0.0,
    "co2_grams": 0.0,
    "model_size_bytes": 0,
    "model_size_mb": 0.0,
    "single_core_wall_time": 0.0,
    "single_core_cpu_time": 0.0,
    "single_core_wall_time_std": 0.0
  }
}