{
  "metadata": {
    "total_records": 400,
    "n_features": 24,
    "hp_tuning_records": 400,
    "hp_sample_threshold": 2000,
    "hp_sample_size": 1500,
    "used_sampling": false,
    "n_trials": 200,
    "cv_folds": 10,
    "n_runs": 30,
    "models_compared": [
      "LinearBoost-L",
      "LinearBoost-K",
      "XGBoost",
      "LightGBM",
      "CatBoost"
    ],
    "timestamp": "20251130_153621"
  },
  "results": {
    "LinearBoost-L": {
      "best_params": {
        "n_estimators": 338,
        "learning_rate": 0.37360673774022896,
        "algorithm": "SAMME.R",
        "scaler": "quantile-uniform"
      },
      "f1_mean": 0.9729827045101801,
      "f1_std": 0.08009594207370947,
      "f1_median": 1.0,
      "f1_q25": 0.9748140635564571,
      "f1_q75": 1.0,
      "roc_auc_mean": 0.9886081944444444,
      "roc_auc_std": 0.025748690039570126,
      "roc_auc_median": 1.0,
      "roc_auc_q25": 1.0,
      "roc_auc_q75": 1.0,
      "avg_fit_time": 0.041430336634318034,
      "std_fit_time": 0.05565864200334206,
      "n_evaluations": 300,
      "wall_time": 0.042863249999982145,
      "cpu_time": 0.03204699999969307,
      "memory_peak_mb": 0.7391767501831055,
      "memory_used_mb": 0.3505582809448242,
      "memory_increment_mb": 0.5625,
      "system_memory_before_mb": 1097.015625,
      "system_memory_after_mb": 1097.578125,
      "total_energy_joules": 2.0830636749302376,
      "cpu_energy_joules": 2.0830549999800496,
      "memory_energy_joules": 8.674950187826333e-06,
      "energy_kwh": 5.786287985917327e-07,
      "co2_kg": 2.8931439929586634e-07,
      "co2_grams": 0.0002893143992958663,
      "model_size_bytes": 317132,
      "model_size_mb": 0.3024406433105469,
      "single_core_wall_time": 0.03522171680006068,
      "single_core_cpu_time": 0.03521599999967293,
      "single_core_wall_time_std": 0.0010673203465509412
    },
    "LinearBoost-K": {
      "best_params": {
        "kernel": "rbf",
        "n_estimators": 463,
        "learning_rate": 0.15159418751567602,
        "algorithm": "SAMME",
        "scaler": "quantile-uniform",
        "gamma": 0.15728066992877898
      },
      "f1_mean": 0.991282145093279,
      "f1_std": 0.016338491941266665,
      "f1_median": 1.0,
      "f1_q25": 0.9750475918825757,
      "f1_q75": 1.0,
      "roc_auc_mean": 0.9912844444444446,
      "roc_auc_std": 0.018049652792339152,
      "roc_auc_median": 1.0,
      "roc_auc_q25": 1.0,
      "roc_auc_q75": 1.0,
      "avg_fit_time": 0.08614948908487956,
      "std_fit_time": 0.07206960151904451,
      "n_evaluations": 300,
      "wall_time": 0.08683116699967286,
      "cpu_time": 0.07831000000078348,
      "memory_peak_mb": 3.513047218322754,
      "memory_used_mb": 1.7796258926391602,
      "memory_increment_mb": 0.84375,
      "system_memory_before_mb": 989.328125,
      "system_memory_after_mb": 990.171875,
      "total_energy_joules": 5.090250747143578,
      "cpu_energy_joules": 5.090150000050926,
      "memory_energy_joules": 0.00010074709265244406,
      "energy_kwh": 1.413958540873216e-06,
      "co2_kg": 7.06979270436608e-07,
      "co2_grams": 0.000706979270436608,
      "model_size_bytes": 1788972,
      "model_size_mb": 1.7060966491699219,
      "single_core_wall_time": 0.0824231836000763,
      "single_core_cpu_time": 0.08239560000001803,
      "single_core_wall_time_std": 0.0018415735465910936
    },
    "XGBoost": {
      "best_params": {
        "n_estimators": 341,
        "max_depth": 16,
        "learning_rate": 0.014861168093828179,
        "gamma": 1.5837270474906063e-06,
        "min_child_weight": 1,
        "subsample": 0.6076014745881348,
        "colsample_bytree": 0.800542441164397,
        "reg_alpha": 0.09017634780277352,
        "reg_lambda": 1.2120783666940062e-06
      },
      "f1_mean": 0.9920905304371206,
      "f1_std": 0.014837119660901225,
      "f1_median": 1.0,
      "f1_q25": 0.9751481237656353,
      "f1_q75": 1.0,
      "roc_auc_mean": 0.993293125,
      "roc_auc_std": 0.014203887151046105,
      "roc_auc_median": 1.0,
      "roc_auc_q25": 1.0,
      "roc_auc_q75": 1.0,
      "avg_fit_time": 0.12077642917633057,
      "std_fit_time": 0.009233389875749348,
      "n_evaluations": 300,
      "wall_time": 0.14395408299969858,
      "cpu_time": 0.19477900000038062,
      "memory_peak_mb": 0.37825489044189453,
      "memory_used_mb": 0.037258148193359375,
      "memory_increment_mb": 0.0,
      "system_memory_before_mb": 791.09375,
      "system_memory_after_mb": 791.09375,
      "total_energy_joules": 12.6606619810218,
      "cpu_energy_joules": 12.66063500002474,
      "memory_energy_joules": 2.6980997060129056e-05,
      "energy_kwh": 3.5168505502838333e-06,
      "co2_kg": 1.7584252751419166e-06,
      "co2_grams": 0.0017584252751419167,
      "model_size_bytes": 353078,
      "model_size_mb": 0.33672142028808594,
      "single_core_wall_time": 0.0625415497999711,
      "single_core_cpu_time": 0.06387360000007902,
      "single_core_wall_time_std": 0.002376233937022362
    },
    "LightGBM": {
      "best_params": {
        "boosting_type": "dart",
        "num_leaves": 205,
        "learning_rate": 0.018926906256198358,
        "n_estimators": 936,
        "max_depth": 9,
        "min_child_samples": 60,
        "subsample": 0.8458145431240387,
        "colsample_bytree": 0.610063568342929,
        "reg_alpha": 0.03583772153172211,
        "reg_lambda": 0.025325172655169374,
        "min_split_gain": 0.953188307534159
      },
      "f1_mean": 0.9942040708680152,
      "f1_std": 0.011934683829412334,
      "f1_median": 1.0,
      "f1_q25": 1.0,
      "f1_q75": 1.0,
      "roc_auc_mean": 0.9926712499999998,
      "roc_auc_std": 0.01556293606595669,
      "roc_auc_median": 1.0,
      "roc_auc_q25": 1.0,
      "roc_auc_q75": 1.0,
      "avg_fit_time": 0.5571652309099833,
      "std_fit_time": 0.025758206634205243,
      "n_evaluations": 300,
      "wall_time": 0.5906986250001864,
      "cpu_time": 0.9365660000003118,
      "memory_peak_mb": 2.0312347412109375,
      "memory_used_mb": 0.019838333129882812,
      "memory_increment_mb": -0.21875,
      "system_memory_before_mb": 560.765625,
      "system_memory_after_mb": 560.546875,
      "total_energy_joules": 60.87748667435985,
      "cpu_energy_joules": 60.876790000020264,
      "memory_energy_joules": 0.0006966743395889634,
      "energy_kwh": 1.6910412965099958e-05,
      "co2_kg": 8.455206482549979e-06,
      "co2_grams": 0.008455206482549979,
      "model_size_bytes": 528300,
      "model_size_mb": 0.5038261413574219,
      "single_core_wall_time": 0.12027562479997869,
      "single_core_cpu_time": 0.11977319999969041,
      "single_core_wall_time_std": 0.00486054029236547
    },
    "CatBoost": {
      "best_params": {
        "iterations": 238,
        "depth": 7,
        "learning_rate": 0.0037538011870360496,
        "l2_leaf_reg": 0.00013546294676986553,
        "random_strength": 0.5113074662302023,
        "bagging_temperature": 0.5496936961970736,
        "border_count": 156,
        "grow_policy": "Lossguide",
        "min_data_in_leaf": 66,
        "rsm": 0.2491326786199679
      },
      "f1_mean": 0.9942875881202705,
      "f1_std": 0.011538473170357482,
      "f1_median": 1.0,
      "f1_q25": 1.0,
      "f1_q75": 1.0,
      "roc_auc_mean": 0.9909622916666668,
      "roc_auc_std": 0.019060946057260667,
      "roc_auc_median": 1.0,
      "roc_auc_q25": 1.0,
      "roc_auc_q75": 1.0,
      "avg_fit_time": 0.10165430068969726,
      "std_fit_time": 0.008040622458956889,
      "n_evaluations": 300,
      "wall_time": 0.10384929200017723,
      "cpu_time": 0.3981210000001738,
      "memory_peak_mb": 0.07287311553955078,
      "memory_used_mb": 0.03156566619873047,
      "memory_increment_mb": 0.109375,
      "system_memory_before_mb": 409.765625,
      "system_memory_after_mb": 409.875,
      "total_energy_joules": 25.877875624639337,
      "cpu_energy_joules": 25.877865000011298,
      "memory_energy_joules": 1.0624628038965147e-05,