{
  "LinearBoost": {
    "best_params": {
      "n_estimators": 386,
      "learning_rate": 0.7208562675732414,
      "algorithm": "SAMME.R",
      "scaler": "quantile-normal",
      "kernel": "linear"
    },
    "f1_mean": 0.983509998978872,
    "f1_std": 0.015533631900414978,
    "f1_median": 0.987473925330655,
    "f1_q25": 0.9798984823105426,
    "f1_q75": 0.99,
    "roc_auc_mean": 0.9983904141414142,
    "roc_auc_std": 0.0032989605478734602,
    "roc_auc_median": 0.9992929292929292,
    "roc_auc_q25": 0.9981818181818182,
    "roc_auc_q75": 0.9997979797979798,
    "avg_fit_time": 5.32327969233195,
    "std_fit_time": 0.7130629730064231,
    "n_evaluations": 300,
    "wall_time": 8.367451916099526,
    "cpu_time": 8.135263000000009,
    "memory_peak_mb": 312.30084896087646,
    "memory_used_mb": 115.48910808563232,
    "memory_increment_mb": 562.515625,
    "system_memory_before_mb": 57.984375,
    "system_memory_after_mb": 620.5,
    "total_energy_joules": 529.7225086504229,
    "cpu_energy_joules": 528.7920950000006,
    "memory_energy_joules": 0.9304136504223668,
    "energy_kwh": 0.00014714514129178416,
    "co2_kg": 7.357257064589208e-05,
    "co2_grams": 0.07357257064589208,
    "model_size_bytes": 117188422,
    "model_size_mb": 111.75958824157715
  },
  "XGBoost": {
    "best_params": {
      "n_estimators": 159,
      "max_depth": 6,
      "learning_rate": 0.14225992520160843,
      "gamma": 4.8894810499336584e-08,
      "min_child_weight": 1,
      "subsample": 0.8701351935676619,
      "colsample_bytree": 0.8420261982953587,
      "reg_alpha": 1.1972486341266474e-07,
      "reg_lambda": 0.04370964431741634
    },
    "f1_mean": 0.9667046508933388,
    "f1_std": 0.01343176440702359,
    "f1_median": 0.9698370585681075,
    "f1_q25": 0.9597868103906072,
    "f1_q75": 0.9749843652282677,
    "roc_auc_mean": 0.9960292626262627,
    "roc_auc_std": 0.00271684787083548,
    "roc_auc_median": 0.9965656565656565,
    "roc_auc_q25": 0.9945454545454546,
    "roc_auc_q75": 0.998020202020202,
    "avg_fit_time": 4.391671853065491,
    "std_fit_time": 4.688180325832247,
    "n_evaluations": 300,
    "wall_time": 4.589648291002959,
    "cpu_time": 7.4957560000000285,
    "memory_peak_mb": 13.482819557189941,
    "memory_used_mb": 9.276436805725098,
    "memory_increment_mb": 284.828125,
    "system_memory_before_mb": 284.140625,
    "system_memory_after_mb": 568.96875,
    "total_energy_joules": 487.2611507149406,
    "cpu_energy_joules": 487.22414000000185,
    "memory_energy_joules": 0.037010714938741786,
    "energy_kwh": 0.00013535031964303904,
    "co2_kg": 6.767515982151952e-05,
    "co2_grams": 0.06767515982151952,
    "model_size_bytes": 357614,
    "model_size_mb": 0.3410472869873047
  },
  "LightGBM": {
    "best_params": {
      "boosting_type": "goss",
      "num_leaves": 108,
      "learning_rate": 0.1225529007926665,
      "n_estimators": 858,
      "max_depth": 2,
      "min_child_samples": 3,
      "subsample": 0.9801251362138195,
      "colsample_bytree": 0.871946863236748,
      "reg_alpha": 1.4584493553450328e-05,
      "reg_lambda": 2.4624744302956894e-05,
      "min_split_gain": 0.14161022967395945
    },
    "f1_mean": 0.9751740137839431,
    "f1_std": 0.01124814220469067,
    "f1_median": 0.9748743718592965,
    "f1_q25": 0.9698401077929555,
    "f1_q75": 0.98,
    "roc_auc_mean": 0.9973675050505051,
    "roc_auc_std": 0.002375841016659548,
    "roc_auc_median": 0.9980808080808081,
    "roc_auc_q25": 0.9965375000000001,
    "roc_auc_q75": 0.9990530303030303,
    "avg_fit_time": 313.30381928046546,
    "std_fit_time": 427.1671361976329,
    "n_evaluations": 300,
    "wall_time": 2.414458708022721,
    "cpu_time": 15.025639999999953,
    "memory_peak_mb": 77.63637065887451,
    "memory_used_mb": 0.4515104293823242,
    "memory_increment_mb": 308.203125,
    "system_memory_before_mb": 58.40625,
    "system_memory_after_mb": 366.609375,
    "total_energy_joules": 977.0937982994697,
    "cpu_energy_joules": 976.666599999997,
    "memory_energy_joules": 0.4271982994727079,
    "energy_kwh": 0.0002714149439720749,
    "co2_kg": 0.00013570747198603746,
    "co2_grams": 0.13570747198603747,
    "model_size_bytes": 513136,
    "model_size_mb": 0.4893646240234375
  },
  "CatBoost": {
    "best_params": {
      "iterations": 291,
      "depth": 13,
      "learning_rate": 0.02874576093631889,
      "l2_leaf_reg": 0.0002904066785369838,
      "random_strength": 3.8024434334882664,
      "bagging_temperature": 0.39109123383081634,
      "border_count": 172,
      "grow_policy": "Lossguide",
      "min_data_in_leaf": 94,
      "rsm": 0.2152262203613777
    },
    "f1_mean": 0.9800867660836733,
    "f1_std": 0.009723349731533663,
    "f1_median": 0.9798994974874372,
    "f1_q25": 0.9748705646575174,
    "f1_q75": 0.984996624240454,
    "roc_auc_mean": 0.9987122659932659,
    "roc_auc_std": 0.0015045741532981177,
    "roc_auc_median": 0.9992929292929292,
    "roc_auc_q25": 0.9982828282828283,
    "roc_auc_q75": 0.9997979797979798,
    "avg_fit_time": 94.36202357610067,
    "std_fit_time": 251.6020916005347,
    "n_evaluations": 300,
    "wall_time": 4.493984083062969,
    "cpu_time": 41.09673200000009,
    "memory_peak_mb": 9.870392799377441,
    "memory_used_mb": 9.505825996398926,
    "memory_increment_mb": 246.3125,
    "system_memory_before_mb": 60.578125,
    "system_memory_after_mb": 306.890625,
    "total_energy_joules": 2671.436130129746,
    "cpu_energy_joules": 2671.2875800000056,
    "memory_energy_joules": 0.1485501297402632,
    "energy_kwh": 0.0007420655917027072,
    "co2_kg": 0.0003710327958513536,
    "co2_grams": 0.3710327958513536,
    "model_size_bytes": 512475,
    "model_size_mb": 0.48873424530029297
  }
}