{
  "LinearBoost": {
    "best_params": {
      "n_estimators": 244,
      "learning_rate": 0.06867281734597387,
      "algorithm": "SAMME",
      "scaler": "minmax",
      "kernel": "rbf",
      "gamma": 0.5662534887546778
    },
    "f1_mean": 0.7424296677450671,
    "f1_std": 0.07141195050960403,
    "f1_median": 0.7417989417989418,
    "f1_q25": 0.6933333333333334,
    "f1_q75": 0.7971348427168903,
    "roc_auc_mean": 0.6883979743083004,
    "roc_auc_std": 0.11287612891897496,
    "roc_auc_median": 0.6960227272727273,
    "roc_auc_q25": 0.6221590909090909,
    "roc_auc_q75": 0.763586956521739,
    "avg_fit_time": 0.027871889273325602,
    "std_fit_time": 0.00307844906278834,
    "n_evaluations": 300,
    "wall_time": 0.05634245800320059,
    "cpu_time": 0.04501199999999983,
    "memory_peak_mb": 2.417055130004883,
    "memory_used_mb": 1.2799453735351562,
    "memory_increment_mb": 17.28125,
    "system_memory_before_mb": 95.609375,
    "system_memory_after_mb": 112.890625,
    "total_energy_joules": 2.925819842462945,
    "cpu_energy_joules": 2.925779999999989,
    "memory_energy_joules": 3.984246295597389e-05,
    "energy_kwh": 8.127277340174847e-07,
    "co2_kg": 4.063638670087423e-07,
    "co2_grams": 0.00040636386700874233,
    "model_size_bytes": 823182,
    "model_size_mb": 0.7850475311279297,
    "single_core_wall_time": 0.045155266555957495,
    "single_core_cpu_time": 0.033819400000000145,
    "single_core_wall_time_std": 0.0020924467112721917
  },
  "XGBoost": {
    "best_params": {
      "n_estimators": 664,
      "max_depth": 15,
      "learning_rate": 0.4508169683040754,
      "gamma": 0.058476201882205106,
      "min_child_weight": 10,
      "subsample": 0.8970221997578305,
      "colsample_bytree": 0.6446914001691348,
      "reg_alpha": 5.103240696047972e-07,
      "reg_lambda": 3.8875787363997e-07
    },
    "f1_mean": 0.7074346212805359,
    "f1_std": 0.07325658220890609,
    "f1_median": 0.7030885380919697,
    "f1_q25": 0.6579265137139899,
    "f1_q75": 0.7550514002126905,
    "roc_auc_mean": 0.6225418130581174,
    "roc_auc_std": 0.11915953277605135,
    "roc_auc_median": 0.6195652173913043,
    "roc_auc_q25": 0.543262104743083,
    "roc_auc_q75": 0.7146739130434783,
    "avg_fit_time": 0.016741501490275066,
    "std_fit_time": 0.0009389583461646253,
    "n_evaluations": 300,
    "wall_time": 0.5562802499625832,
    "cpu_time": 2.448352,
    "memory_peak_mb": 0.09966754913330078,
    "memory_used_mb": 0.0889577865600586,
    "memory_increment_mb": 11.125,
    "system_memory_before_mb": 114.125,
    "system_memory_after_mb": 125.25,
    "total_energy_joules": 159.14296936324826,
    "cpu_energy_joules": 159.14288,
    "memory_energy_joules": 8.93632482625544e-05,
    "energy_kwh": 4.420638037868007e-05,
    "co2_kg": 2.2103190189340034e-05,
    "co2_grams": 0.022103190189340035,
    "model_size_bytes": 530011,
    "model_size_mb": 0.505457878112793,
    "single_core_wall_time": 0.04326222501695156,
    "single_core_cpu_time": 0.04396219999999999,
    "single_core_wall_time_std": 0.0005576799971956538
  },
  "LightGBM": {
    "best_params": {
      "boosting_type": "dart",
      "num_leaves": 170,
      "learning_rate": 0.044343546412043446,
      "n_estimators": 266,
      "max_depth": 8,
      "min_child_samples": 50,
      "subsample": 0.8094517975904025,
      "colsample_bytree": 0.5478192228120461,
      "reg_alpha": 0.00017170340441676965,
      "reg_lambda": 0.2761594234137842,
      "min_split_gain": 2.000560280209447e-06
    },
    "f1_mean": 0.7158939034983182,
    "f1_std": 0.06540264279948858,
    "f1_median": 0.7092473118279571,
    "f1_q25": 0.6774193548387096,
    "f1_q75": 0.7550514002126905,
    "roc_auc_mean": 0.7129015700483091,
    "roc_auc_std": 0.10544463398580238,
    "roc_auc_median": 0.717391304347826,
    "roc_auc_q25": 0.6392045454545455,
    "roc_auc_q75": 0.7897727272727272,
    "avg_fit_time": 2.8041202871004742,
    "std_fit_time": 0.11909997521788797,
    "n_evaluations": 300,
    "wall_time": 0.39729795791208744,
    "cpu_time": 1.78904,
    "memory_peak_mb": 1.3879823684692383,
    "memory_used_mb": 0.06749534606933594,
    "memory_increment_mb": 18.515625,
    "system_memory_before_mb": 78.984375,
    "system_memory_after_mb": 97.5,
    "total_energy_joules": 116.2885093588781,
    "cpu_energy_joules": 116.2876,
    "memory_energy_joules": 0.0009093588781077414,
    "energy_kwh": 3.230236371079947e-05,
    "co2_kg": 1.6151181855399736e-05,
    "co2_grams": 0.016151181855399734,
    "model_size_bytes": 167057,
    "model_size_mb": 0.1593179702758789,
    "single_core_wall_time": 0.019457933376543224,
    "single_core_cpu_time": 0.019451600000000013,
    "single_core_wall_time_std": 0.0010506089870403364
  },
  "CatBoost": {
    "best_params": {
      "iterations": 235,
      "depth": 8,
      "learning_rate": 0.0036646631830950667,
      "l2_leaf_reg": 0.00014524878167868356,
      "random_strength": 0.00016317357329897114,
      "bagging_temperature": 4.209305418141066,
      "border_count": 227,
      "grow_policy": "Depthwise",
      "min_data_in_leaf": 94,
      "rsm": 0.7535102960249203
    },
    "f1_mean": 0.7284235359768418,
    "f1_std": 0.06051401233258936,
    "f1_median": 0.7333333333333333,
    "f1_q25": 0.685066085987745,
    "f1_q75": 0.775,
    "roc_auc_mean": 0.6908046497584541,
    "roc_auc_std": 0.11248579487295463,
    "roc_auc_median": 0.6902173913043478,
    "roc_auc_q25": 0.6130050505050504,
    "roc_auc_q75": 0.7727272727272726,
    "avg_fit_time": 0.03979970693588257,
    "std_fit_time": 0.004249809141000964,
    "n_evaluations": 300,
    "wall_time": 0.09979337500408292,
    "cpu_time": 0.4763710000000003,
    "memory_peak_mb": 0.05237293243408203,
    "memory_used_mb": 0.01407623291015625,
    "memory_increment_mb": 16.6875,
    "system_memory_before_mb": 101.765625,
    "system_memory_after_mb": 118.453125,
    "total_energy_joules": 30.964124136577,
    "cpu_energy_joules": 30.96411500000002,
    "memory_energy_joules": 9.136576976277872e-06,
    "energy_kwh": 8.60114559349361e-06,
    "co2_kg": 4.300572796746805e-06,
    "co2_grams": 0.004300572796746806,
    "model_size_bytes": 66617,
    "model_size_mb": 0.06353092193603516,
    "single_core_wall_time": 0.0312243667896837,
    "single_core_cpu_time": 0.03532579999999967,
    "single_core_wall_time_std": 0.0006232560654538376
  }
}