{
  "friedman_f1": {
    "statistic": 69.50221565731182,
    "p_value": 2.8911800197923224e-14,
    "significant": true,
    "interpretation": "Models differ significantly"
  },
  "friedman_roc": {
    "statistic": 104.07639470598059,
    "p_value": 1.3325600725452348e-21,
    "significant": true,
    "interpretation": "Models differ significantly"
  },
  "average_ranks": {
    "f1": {
      "LinearBoost": 2.395,
      "XGBoost": 3.0283333333333333,
      "LightGBM": 3.171666666666667,
      "CatBoost": 3.0533333333333332,
      "TabPFN": 3.3516666666666666
    },
    "roc_auc": {
      "LinearBoost": 3.1683333333333334,
      "XGBoost": 2.5883333333333334,
      "LightGBM": 3.691666666666667,
      "CatBoost": 2.9833333333333334,
      "TabPFN": 2.5683333333333334
    }
  },
  "nemenyi_critical_difference": 0.35218328561512774,
  "pairwise_f1": {
    "LinearBoost_vs_XGBoost": {
      "statistic": 12618.0,
      "p_value": 1.370905865028301e-10,
      "significant_uncorrected": true,
      "significant_bonferroni": true,
      "effect_size": 0.23666666666666666,
      "better_model": "LinearBoost",
      "rank_difference": 0.6333333333333333,
      "nemenyi_significant": true
    },
    "LinearBoost_vs_LightGBM": {
      "statistic": 9567.0,
      "p_value": 6.813101653867348e-12,
      "significant_uncorrected": true,
      "significant_bonferroni": true,
      "effect_size": 0.31666666666666665,
      "better_model": "LinearBoost",
      "rank_difference": 0.7766666666666668,
      "nemenyi_significant": true
    },
    "LinearBoost_vs_CatBoost": {
      "statistic": 12550.0,
      "p_value": 5.999367852173014e-10,
      "significant_uncorrected": true,
      "significant_bonferroni": true,
      "effect_size": 0.29,
      "better_model": "LinearBoost",
      "rank_difference": 0.6583333333333332,
      "nemenyi_significant": true
    },
    "LinearBoost_vs_TabPFN": {
      "statistic": 10827.0,
      "p_value": 1.4717911866437376e-14,
      "significant_uncorrected": true,
      "significant_bonferroni": true,
      "effect_size": 0.36666666666666664,
      "better_model": "LinearBoost",
      "rank_difference": 0.9566666666666666,
      "nemenyi_significant": true
    },
    "XGBoost_vs_LightGBM": {
      "statistic": 16258.5,
      "p_value": 0.27473499117122135,
      "significant_uncorrected": false,
      "significant_bonferroni": false,
      "effect_size": 0.043333333333333335,
      "better_model": "XGBoost",
      "rank_difference": 0.14333333333333353,
      "nemenyi_significant": false
    },
    "XGBoost_vs_CatBoost": {
      "statistic": 7988.5,
      "p_value": 0.6348412554921561,
      "significant_uncorrected": false,
      "significant_bonferroni": false,
      "effect_size": 0.006666666666666667,
      "better_model": "CatBoost",
      "rank_difference": 0.02499999999999991,
      "nemenyi_significant": false
    },
    "XGBoost_vs_TabPFN": {
      "statistic": 8824.5,
      "p_value": 0.0011865686510471908,
      "significant_uncorrected": true,
      "significant_bonferroni": true,
      "effect_size": 0.13,
      "better_model": "XGBoost",
      "rank_difference": 0.32333333333333325,
      "nemenyi_significant": false
    },
    "LightGBM_vs_CatBoost": {
      "statistic": 12962.0,
      "p_value": 0.08976300128304712,
      "significant_uncorrected": false,
      "significant_bonferroni": false,
      "effect_size": -0.05,
      "better_model": "CatBoost",
      "rank_difference": 0.11833333333333362,
      "nemenyi_significant": false
    },
    "LightGBM_vs_TabPFN": {
      "statistic": 14945.0,
      "p_value": 0.2050039285419426,
      "significant_uncorrected": false,
      "significant_bonferroni": false,
      "effect_size": 0.06666666666666667,
      "better_model": "LightGBM",
      "rank_difference": 0.17999999999999972,
      "nemenyi_significant": false
    },
    "CatBoost_vs_TabPFN": {
      "statistic": 8139.0,
      "p_value": 9.942610897730234e-05,
      "significant_uncorrected": true,
      "significant_bonferroni": true,
      "effect_size": 0.14,
      "better_model": "CatBoost",
      "rank_difference": 0.29833333333333334,
      "nemenyi_significant": false
    }
  },
  "pairwise_roc": {
    "LinearBoost_vs_XGBoost": {
      "statistic": 15381.5,
      "p_value": 5.275981341025898e-06,
      "significant_uncorrected": true,
      "significant_bonferroni": true,
      "effect_size": -0.21,
      "better_model": "XGBoost",
      "rank_difference": 0.5800000000000001,
      "nemenyi_significant": true
    },
    "LinearBoost_vs_LightGBM": {
      "statistic": 17358.5,
      "p_value": 0.0009573618213809964,
      "significant_uncorrected": true,
      "significant_bonferroni": true,
      "effect_size": 0.16666666666666666,
      "better_model": "LinearBoost",
      "rank_difference": 0.5233333333333334,
      "nemenyi_significant": true
    },
    "LinearBoost_vs_CatBoost": {
      "statistic": 20401.0,
      "p_value": 0.17614379139611647,
      "significant_uncorrected": false,
      "significant_bonferroni": false,
      "effect_size": -0.06333333333333334,
      "better_model": "CatBoost",
      "rank_difference": 0.18500000000000005,
      "nemenyi_significant": false
    },
    "LinearBoost_vs_TabPFN": {
      "statistic": 15469.5,
      "p_value": 3.3409814237957044e-06,
      "significant_uncorrected": true,
      "significant_bonferroni": true,
      "effect_size": -0.23,
      "better_model": "TabPFN",
      "rank_difference": 0.6000000000000001,
      "nemenyi_significant": true
    },
    "XGBoost_vs_LightGBM": {
      "statistic": 9787.0,
      "p_value": 8.06217196341819e-17,
      "significant_uncorrected": true,
      "significant_bonferroni": true,
      "effect_size": 0.4166666666666667,
      "better_model": "XGBoost",
      "rank_difference": 1.1033333333333335,
      "nemenyi_significant": true
    },
    "XGBoost_vs_CatBoost": {
      "statistic": 16371.5,
      "p_value": 0.0001423007676150653,
      "significant_uncorrected": true,
      "significant_bonferroni": true,
      "effect_size": 0.2,
      "better_model": "XGBoost",
      "rank_difference": 0.395,
      "nemenyi_significant": true
    },
    "XGBoost_vs_TabPFN": {
      "statistic": 21425.5,
      "p_value": 0.9395904875381333,
      "significant_uncorrected": false,
      "significant_bonferroni": false,
      "effect_size": -0.0033333333333333335,
      "better_model": "TabPFN",
      "rank_difference": 0.020000000000000018,
      "nemenyi_significant": false
    },
    "LightGBM_vs_CatBoost": {
      "statistic": 14829.5,
      "p_value": 5.688364168553877e-07,
      "significant_uncorrected": true,
      "significant_bonferroni": true,
      "effect_size": -0.26666666666666666,
      "better_model": "CatBoost",
      "rank_difference": 0.7083333333333335,
      "nemenyi_significant": true
    },
    "LightGBM_vs_TabPFN": {
      "statistic": 7062.0,
      "p_value": 1.630036385488401e-24,
      "significant_uncorrected": true,
      "significant_bonferroni": true,
      "effect_size": -0.5333333333333333,
      "better_model": "TabPFN",
      "rank_difference": 1.1233333333333335,
      "nemenyi_significant": true
    },
    "CatBoost_vs_TabPFN": {
      "statistic": 16960.5,
      "p_value": 0.000897399707238361,
      "significant_uncorrected": true,
      "significant_bonferroni": true,
      "effect_size": -0.09666666666666666,
      "better_model": "TabPFN",
      "rank_difference": 0.41500000000000004,
      "nemenyi_significant": true
    }
  },
  "statistical_power": {
    "n_samples_per_model": 300,
    "bonferroni_corrected_alpha": 0.005,
    "interpretation": "With 300 samples per model, we have high statistical power to detect meaningful differences"
  }
}