{
  "LinearBoost": {
    "best_params": {
      "n_estimators": 377,
      "learning_rate": 0.5778616008263913,
      "algorithm": "SAMME",
      "scaler": "minmax",
      "kernel": "linear"
    },
    "f1_mean": 0.7257267771921092,
    "f1_std": 0.05269478441607273,
    "f1_median": 0.7265475860857362,
    "f1_q25": 0.6852769106831171,
    "f1_q75": 0.7514080396731772,
    "roc_auc_mean": 0.6522442810457517,
    "roc_auc_std": 0.08166514864748035,
    "roc_auc_median": 0.64375,
    "roc_auc_q25": 0.6013582516339869,
    "roc_auc_q75": 0.7034722222222222,
    "avg_fit_time": 0.04657204627990723,
    "std_fit_time": 0.0031310577368608107,
    "n_evaluations": 50,
    "wall_time": 0.036101249999774154,
    "cpu_time": 0.0129220000000001,
    "memory_peak_mb": 0.14603042602539062,
    "memory_used_mb": 0.08880615234375,
    "memory_increment_mb": 9.25,
    "system_memory_before_mb": 134.546875,
    "system_memory_after_mb": 143.796875,
    "total_energy_joules": 0.8399306910419371,
    "cpu_energy_joules": 0.8399300000000065,
    "memory_energy_joules": 6.910419305786544e-07,
    "energy_kwh": 2.333140808449825e-07,
    "co2_kg": 1.1665704042249126e-07,
    "co2_grams": 0.00011665704042249126,
    "model_size_bytes": 16665,
    "model_size_mb": 0.015892982482910156,
    "single_core_wall_time": 0.007637483200960559,
    "single_core_cpu_time": 0.0076364000000001655,
    "single_core_wall_time_std": 0.0004686569760854979
  },
  "XGBoost": {
    "best_params": {
      "n_estimators": 731,
      "max_depth": 16,
      "learning_rate": 0.10424586213800846,
      "gamma": 0.47935890097596734,
      "min_child_weight": 8,
      "subsample": 0.984108565660909,
      "colsample_bytree": 0.7100430738114281,
      "reg_alpha": 0.9946593196879883,
      "reg_lambda": 6.74772313820586e-05
    },
    "f1_mean": 0.6991867942046958,
    "f1_std": 0.03725863726577544,
    "f1_median": 0.7034233763079988,
    "f1_q25": 0.6678066490712862,
    "f1_q75": 0.7285448707115092,
    "roc_auc_mean": 0.6975220588235294,
    "roc_auc_std": 0.08621879994521815,
    "roc_auc_median": 0.7121527777777777,
    "roc_auc_q25": 0.6295751633986928,
    "roc_auc_q75": 0.7588541666666667,
    "avg_fit_time": 0.017271394729614257,
    "std_fit_time": 0.00046793386829788007,
    "n_evaluations": 50,
    "wall_time": 0.3544629999996687,
    "cpu_time": 1.4386110000000003,
    "memory_peak_mb": 0.10846710205078125,
    "memory_used_mb": 0.1008749008178711,
    "memory_increment_mb": 13.71875,
    "system_memory_before_mb": 145.90625,
    "system_memory_after_mb": 159.625,
    "total_energy_joules": 93.50977214427472,
    "cpu_energy_joules": 93.50971500000001,
    "memory_energy_joules": 5.714427471254022e-05,
    "energy_kwh": 2.597493670674298e-05,
    "co2_kg": 1.298746835337149e-05,
    "co2_grams": 0.01298746835337149,
    "model_size_bytes": 519178,
    "model_size_mb": 0.49512672424316406,
    "single_core_wall_time": 0.045776774999831106,
    "single_core_cpu_time": 0.04649020000000022,
    "single_core_wall_time_std": 0.00034291709318102435
  },
  "LightGBM": {
    "best_params": {
      "boosting_type": "dart",
      "num_leaves": 57,
      "learning_rate": 0.018707367351107434,
      "n_estimators": 237,
      "max_depth": 12,
      "min_child_samples": 35,
      "subsample": 0.7903219004788098,
      "colsample_bytree": 0.7628989397948652,
      "reg_alpha": 2.4139966977320794e-06,
      "reg_lambda": 0.0009000169825486593,
      "min_split_gain": 0.00034699071096579804
    },
    "f1_mean": 0.6919355017625543,
    "f1_std": 0.039067894448708944,
    "f1_median": 0.6997635868429656,
    "f1_q25": 0.674626577187305,
    "f1_q75": 0.7166583447997226,
    "roc_auc_mean": 0.6994746732026144,
    "roc_auc_std": 0.07842031598010027,
    "roc_auc_median": 0.6920138888888889,
    "roc_auc_q25": 0.6303819444444445,
    "roc_auc_q75": 0.7553819444444444,
    "avg_fit_time": 1.274135284423828,
    "std_fit_time": 0.05663498027397846,
    "n_evaluations": 50,
    "wall_time": 0.37811808299738914,
    "cpu_time": 1.7680679999999995,
    "memory_peak_mb": 1.4506807327270508,
    "memory_used_mb": 0.06544780731201172,
    "memory_increment_mb": 7.578125,
    "system_memory_before_mb": 161.625,
    "system_memory_after_mb": 169.203125,
    "total_energy_joules": 114.92535929523254,
    "cpu_energy_joules": 114.92441999999997,
    "memory_energy_joules": 0.0009392952325749208,
    "energy_kwh": 3.1923710915342375e-05,
    "co2_kg": 1.5961855457671187e-05,
    "co2_grams": 0.015961855457671186,
    "model_size_bytes": 202589,
    "model_size_mb": 0.19320392608642578,
    "single_core_wall_time": 0.01951506659970619,
    "single_core_cpu_time": 0.019509800000000153,
    "single_core_wall_time_std": 0.0009643993110959666
  },
  "CatBoost": {
    "best_params": {
      "iterations": 196,
      "depth": 16,
      "learning_rate": 0.007245948573097409,
      "l2_leaf_reg": 7.150021733742971e-08,
      "random_strength": 7.176585460542575e-06,
      "bagging_temperature": 2.7216548323609615,
      "border_count": 228,
      "grow_policy": "Lossguide",
      "min_data_in_leaf": 79,
      "rsm": 0.7849223130173669
    },
    "f1_mean": 0.718847148783163,
    "f1_std": 0.036936793110569396,
    "f1_median": 0.7145109527215285,
    "f1_q25": 0.6910294490519321,
    "f1_q75": 0.7511822194199244,
    "roc_auc_mean": 0.6962230392156863,
    "roc_auc_std": 0.07950948248368869,
    "roc_auc_median": 0.6885416666666666,
    "roc_auc_q25": 0.6279513888888889,
    "roc_auc_q75": 0.7609375,
    "avg_fit_time": 0.02000527858734131,
    "std_fit_time": 0.016068626216085433,
    "n_evaluations": 50,
    "wall_time": 0.08014262500000768,
    "cpu_time": 0.24410299999999996,
    "memory_peak_mb": 0.06394004821777344,
    "memory_used_mb": 0.025760650634765625,
    "memory_increment_mb": 13.90625,
    "system_memory_before_mb": 170.453125,
    "system_memory_after_mb": 184.359375,
    "total_energy_joules": 15.866700715804779,
    "cpu_energy_joules": 15.866694999999996,
    "memory_energy_joules": 5.7158047815319145e-06,
    "energy_kwh": 4.4074168655013275e-06,
    "co2_kg": 2.2037084327506637e-06,
    "co2_grams": 0.002203708432750664,
    "model_size_bytes": 64664,
    "model_size_mb": 0.06166839599609375,
    "single_core_wall_time": 0.01284033320043818,
    "single_core_cpu_time": 0.01811480000000003,
    "single_core_wall_time_std": 0.0005259804984793233
  }
}