{
  "LinearBoost": {
    "best_params": {
      "n_estimators": 471,
      "learning_rate": 0.11178092171112314,
      "algorithm": "SAMME",
      "scaler": "quantile-normal",
      "kernel": "rbf",
      "gamma": 0.18354965771399429
    },
    "f1_mean": 0.9983742750326551,
    "f1_std": 0.0036156731069942193,
    "f1_median": 1.0,
    "f1_q25": 1.0,
    "f1_q75": 1.0,
    "roc_auc_mean": 0.999994976263311,
    "roc_auc_std": 3.696749731458409e-05,
    "roc_auc_median": 1.0,
    "roc_auc_q25": 1.0,
    "roc_auc_q75": 1.0,
    "avg_fit_time": 0.7131901979446411,
    "std_fit_time": 0.19798169912735822,
    "n_evaluations": 300,
    "wall_time": 0.5487833329825662,
    "cpu_time": 0.5345909999999989,
    "memory_peak_mb": 32.12763500213623,
    "memory_used_mb": 16.02664852142334,
    "memory_increment_mb": 177.484375,
    "system_memory_before_mb": 81.0,
    "system_memory_after_mb": 258.484375,
    "total_energy_joules": 34.75470472577755,
    "cpu_energy_joules": 34.74841499999993,
    "memory_energy_joules": 0.006289725777622183,
    "energy_kwh": 9.65408464604932e-06,
    "co2_kg": 4.82704232302466e-06,
    "co2_grams": 0.00482704232302466,
    "model_size_bytes": 16201685,
    "model_size_mb": 15.451130867004395
  },
  "XGBoost": {
    "best_params": {
      "n_estimators": 581,
      "max_depth": 2,
      "learning_rate": 0.11047759562815025,
      "gamma": 2.511341033189762e-07,
      "min_child_weight": 2,
      "subsample": 0.7379318097021212,
      "colsample_bytree": 0.7826878170525462,
      "reg_alpha": 0.013915044995735782,
      "reg_lambda": 1.800641507691532e-05
    },
    "f1_mean": 0.9973533950610652,
    "f1_std": 0.0042764452013320095,
    "f1_median": 1.0,
    "f1_q25": 0.9927368491657615,
    "f1_q75": 1.0,
    "roc_auc_mean": 0.999948399314232,
    "roc_auc_std": 0.00019027521476566242,
    "roc_auc_median": 1.0,
    "roc_auc_q25": 1.0,
    "roc_auc_q75": 1.0,
    "avg_fit_time": 0.024970157146453856,
    "std_fit_time": 0.0016056485199749699,
    "n_evaluations": 300,
    "wall_time": 0.43996883399086073,
    "cpu_time": 1.894285,
    "memory_peak_mb": 0.09975719451904297,
    "memory_used_mb": 0.08904743194580078,
    "memory_increment_mb": 11.234375,
    "system_memory_before_mb": 291.796875,
    "system_memory_after_mb": 303.03125,
    "total_energy_joules": 123.12859420235249,
    "cpu_energy_joules": 123.128525,
    "memory_energy_joules": 6.920235249737743e-05,
    "energy_kwh": 3.4202387278431243e-05,
    "co2_kg": 1.7101193639215622e-05,
    "co2_grams": 0.017101193639215622,
    "model_size_bytes": 468646,
    "model_size_mb": 0.44693565368652344
  },
  "LightGBM": {
    "best_params": {
      "boosting_type": "goss",
      "num_leaves": 125,
      "learning_rate": 0.1906731619195795,
      "n_estimators": 875,
      "max_depth": 3,
      "min_child_samples": 62,
      "subsample": 0.9679127618889029,
      "colsample_bytree": 0.909313247230944,
      "reg_alpha": 4.378973018000738e-07,
      "reg_lambda": 1.1167122479756029,
      "min_split_gain": 1.1892015569753293e-05
    },
    "f1_mean": 0.9984466826107127,
    "f1_std": 0.0034241198487496008,
    "f1_median": 1.0,
    "f1_q25": 1.0,
    "f1_q75": 1.0,
    "roc_auc_mean": 0.9999641241703364,
    "roc_auc_std": 0.0001301608460286682,
    "roc_auc_median": 1.0,
    "roc_auc_q25": 1.0,
    "roc_auc_q75": 1.0,
    "avg_fit_time": 6.0509464923540754,
    "std_fit_time": 0.15865689189887908,
    "n_evaluations": 300,
    "wall_time": 0.8113577080075629,
    "cpu_time": 3.4996699999999983,
    "memory_peak_mb": 2.163045883178711,
    "memory_used_mb": 0.06753730773925781,
    "memory_increment_mb": 26.4375,
    "system_memory_before_mb": 78.59375,
    "system_memory_after_mb": 105.03125,
    "total_energy_joules": 227.48132219730923,
    "cpu_energy_joules": 227.4785499999999,
    "memory_energy_joules": 0.0027721973093203255,
    "energy_kwh": 6.318925616591923e-05,
    "co2_kg": 3.1594628082959614e-05,
    "co2_grams": 0.03159462808295961,
    "model_size_bytes": 567000,
    "model_size_mb": 0.5407333374023438
  },
  "CatBoost": {
    "best_params": {
      "iterations": 443,
      "depth": 10,
      "learning_rate": 0.024823797468537495,
      "l2_leaf_reg": 0.035263352025001644,
      "random_strength": 8.05860457650314,
      "bagging_temperature": 0.26512852484203503,
      "border_count": 177,
      "grow_policy": "SymmetricTree",
      "min_data_in_leaf": 25,
      "rsm": 0.7293396103390528
    },
    "f1_mean": 0.9994903223566121,
    "f1_std": 0.0018577629473984665,
    "f1_median": 1.0,
    "f1_q25": 1.0,
    "f1_q75": 1.0,
    "roc_auc_mean": 1.0,
    "roc_auc_std": 0.0,
    "roc_auc_median": 1.0,
    "roc_auc_q25": 1.0,
    "roc_auc_q75": 1.0,
    "avg_fit_time": 1.4887523023287454,
    "std_fit_time": 0.14391905232164734,
    "n_evaluations": 300,
    "wall_time": 0.6640824999776669,
    "cpu_time": 5.590422,
    "memory_peak_mb": 0.05354118347167969,
    "memory_used_mb": 0.015305519104003906,
    "memory_increment_mb": 188.515625,
    "system_memory_before_mb": 83.53125,
    "system_memory_after_mb": 272.046875,
    "total_energy_joules": 363.37753961345584,
    "cpu_energy_joules": 363.37743,
    "memory_energy_joules": 0.00010961345580546186,
    "energy_kwh": 0.00010093820544818218,
    "co2_kg": 5.046910272409109e-05,
    "co2_grams": 0.05046910272409109,
    "model_size_bytes": 6745848,
    "model_size_mb": 6.433341979980469
  }
}