{
  "LinearBoost": {
    "best_params": {
      "n_estimators": 193,
      "learning_rate": 0.08345475305805349,
      "algorithm": "SAMME",
      "scaler": "standard",
      "kernel": "rbf",
      "gamma": 2.2623259533548032
    },
    "f1_mean": 0.9894189133807663,
    "f1_std": 0.015865122243362475,
    "f1_median": 1.0,
    "f1_q25": 0.9751393004322213,
    "f1_q75": 1.0,
    "roc_auc_mean": 0.991123923611111,
    "roc_auc_std": 0.018466563445687065,
    "roc_auc_median": 1.0,
    "roc_auc_q25": 0.9973958333333334,
    "roc_auc_q75": 1.0,
    "avg_fit_time": 0.059856146176656085,
    "std_fit_time": 0.014552899227810187,
    "n_evaluations": 300,
    "wall_time": 0.24471787502989173,
    "cpu_time": 0.23467400000000005,
    "memory_peak_mb": 4.178376197814941,
    "memory_used_mb": 2.475116729736328,
    "memory_increment_mb": 29.34375,
    "system_memory_before_mb": 95.078125,
    "system_memory_after_mb": 124.421875,
    "total_energy_joules": 15.254169090425728,
    "cpu_energy_joules": 15.253810000000003,
    "memory_energy_joules": 0.0003590904257248622,
    "energy_kwh": 4.237269191784925e-06,
    "co2_kg": 2.1186345958924625e-06,
    "co2_grams": 0.0021186345958924624,
    "model_size_bytes": 1914904,
    "model_size_mb": 1.8261947631835938
  },
  "XGBoost": {
    "best_params": {
      "n_estimators": 396,
      "max_depth": 1,
      "learning_rate": 0.017519750721429677,
      "gamma": 1.5285770400442725e-07,
      "min_child_weight": 1,
      "subsample": 0.5695155050558067,
      "colsample_bytree": 0.8425150207539658,
      "reg_alpha": 0.00012159531417609794,
      "reg_lambda": 0.0006940328377114898
    },
    "f1_mean": 0.9827177797818343,
    "f1_std": 0.019415465555506564,
    "f1_median": 0.9751481237656353,
    "f1_q25": 0.9748140635564571,
    "f1_q75": 1.0,
    "roc_auc_mean": 0.9914805902777778,
    "roc_auc_std": 0.018527628418879647,
    "roc_auc_median": 1.0,
    "roc_auc_q25": 0.9973333333333333,
    "roc_auc_q75": 1.0,
    "avg_fit_time": 0.021414021650950115,
    "std_fit_time": 0.0020450717159667866,
    "n_evaluations": 300,
    "wall_time": 0.258925125002861,
    "cpu_time": 0.9559139999999982,
    "memory_peak_mb": 0.13244915008544922,
    "memory_used_mb": 0.12179279327392578,
    "memory_increment_mb": 9.546875,
    "system_memory_before_mb": 128.734375,
    "system_memory_after_mb": 138.28125,
    "total_energy_joules": 62.13445636596553,
    "cpu_energy_joules": 62.13440999999988,
    "memory_energy_joules": 4.6365965645061716e-05,
    "energy_kwh": 1.7259571212768202e-05,
    "co2_kg": 8.629785606384101e-06,
    "co2_grams": 0.008629785606384102,
    "model_size_bytes": 307026,
    "model_size_mb": 0.2928028106689453
  },
  "LightGBM": {
    "best_params": {
      "boosting_type": "gbdt",
      "num_leaves": 205,
      "learning_rate": 0.013712922536417536,
      "n_estimators": 781,
      "max_depth": 2,
      "min_child_samples": 29,
      "subsample": 0.7981065948358153,
      "colsample_bytree": 0.6165842010905728,
      "reg_alpha": 1.1486404693031638e-08,
      "reg_lambda": 0.08854790562555628,
      "min_split_gain": 7.033924389436569e-05
    },
    "f1_mean": 0.9833240709126395,
    "f1_std": 0.018545291190741182,
    "f1_median": 0.9751481237656353,
    "f1_q25": 0.9748140635564571,
    "f1_q75": 1.0,
    "roc_auc_mean": 0.9902983333333333,
    "roc_auc_std": 0.01978526063285963,
    "roc_auc_median": 1.0,
    "roc_auc_q25": 0.9973958333333334,
    "roc_auc_q75": 1.0,
    "avg_fit_time": 4.520864859422048,
    "std_fit_time": 0.22466807068574393,
    "n_evaluations": 300,
    "wall_time": 0.5492493329802528,
    "cpu_time": 2.4543280000000003,
    "memory_peak_mb": 1.9045867919921875,
    "memory_used_mb": 0.07999324798583984,
    "memory_increment_mb": 32.8125,
    "system_memory_before_mb": 95.328125,
    "system_memory_after_mb": 128.140625,
    "total_energy_joules": 159.53303184595657,
    "cpu_energy_joules": 159.53132000000002,
    "memory_energy_joules": 0.0017118459565490486,
    "energy_kwh": 4.431473106832127e-05,
    "co2_kg": 2.2157365534160633e-05,
    "co2_grams": 0.022157365534160634,
    "model_size_bytes": 431030,
    "model_size_mb": 0.41106224060058594
  },
  "CatBoost": {
    "best_params": {
      "iterations": 125,
      "depth": 12,
      "learning_rate": 0.01910102648034122,
      "l2_leaf_reg": 5.77279283415202e-07,
      "random_strength": 3.081208584789617,
      "bagging_temperature": 0.9844576756403882,
      "border_count": 248,
      "grow_policy": "Lossguide",
      "min_data_in_leaf": 79,
      "rsm": 0.1648016727965019
    },
    "f1_mean": 0.9942164397814779,
    "f1_std": 0.01135195826506779,
    "f1_median": 1.0,
    "f1_q25": 1.0,
    "f1_q75": 1.0,
    "roc_auc_mean": 0.9903522916666668,
    "roc_auc_std": 0.020366986842037454,
    "roc_auc_median": 1.0,
    "roc_auc_q25": 1.0,
    "roc_auc_q75": 1.0,
    "avg_fit_time": 0.09140100876490274,
    "std_fit_time": 0.022969696290708587,
    "n_evaluations": 300,
    "wall_time": 0.12395816599018872,
    "cpu_time": 0.7712039999999973,
    "memory_peak_mb": 0.09282875061035156,
    "memory_used_mb": 0.05520343780517578,
    "memory_increment_mb": 25.390625,
    "system_memory_before_mb": 131.6875,
    "system_memory_after_mb": 157.078125,
    "total_energy_joules": 50.12828621700561,
    "cpu_energy_joules": 50.12825999999983,
    "memory_energy_joules": 2.6217005780897943e-05,
    "energy_kwh": 1.3924523949168226e-05,
    "co2_kg": 6.962261974584113e-06,
    "co2_grams": 0.006962261974584113,
    "model_size_bytes": 52490,
    "model_size_mb": 0.05005836486816406
  }
}