{
  "LinearBoost": {
    "best_params": {
      "n_estimators": 293,
      "learning_rate": 0.01468901778861862,
      "algorithm": "SAMME.R",
      "scaler": "quantile-uniform",
      "kernel": "linear"
    },
    "f1_mean": 0.7297258404559274,
    "f1_std": 0.03783661366548688,
    "f1_median": 0.7292307692307692,
    "f1_q25": 0.7043886256290735,
    "f1_q75": 0.7536578047526952,
    "roc_auc_mean": 0.7661904761904762,
    "roc_auc_std": 0.045594137746265105,
    "roc_auc_median": 0.7688095238095238,
    "roc_auc_q25": 0.731904761904762,
    "roc_auc_q75": 0.8014285714285714,
    "avg_fit_time": 0.13025767962137857,
    "std_fit_time": 0.00395204946127781,
    "n_evaluations": 300,
    "wall_time": 0.3680900000035763,
    "cpu_time": 0.36800500000390457,
    "memory_peak_mb": 2.5282745361328125,
    "memory_used_mb": 1.3155832290649414,
    "memory_increment_mb": 0.328125,
    "system_memory_before_mb": 1914.890625,
    "system_memory_after_mb": 1915.21875,
    "total_energy_joules": 23.920665729381245,
    "cpu_energy_joules": 23.920325000253797,
    "memory_energy_joules": 0.0003407291274460794,
    "energy_kwh": 6.644629369272568e-06,
    "co2_kg": 3.322314684636284e-06,
    "co2_grams": 0.0033223146846362837,
    "model_size_bytes": 1198702,
    "model_size_mb": 1.1431713104248047
  },
  "XGBoost": {
    "best_params": {
      "n_estimators": 459,
      "max_depth": 20,
      "learning_rate": 0.02549933975796092,
      "gamma": 5.595146358861955e-07,
      "min_child_weight": 5,
      "subsample": 0.9591255805610747,
      "colsample_bytree": 0.878356319945154,
      "reg_alpha": 8.861994139304144e-06,
      "reg_lambda": 0.00014466728402057257
    },
    "f1_mean": 0.7560259954651808,
    "f1_std": 0.03740392157261606,
    "f1_median": 0.7566521910777735,
    "f1_q25": 0.7310447357751048,
    "f1_q75": 0.7828947368421052,
    "roc_auc_mean": 0.7824174603174604,
    "roc_auc_std": 0.042818741496344966,
    "roc_auc_median": 0.7804761904761904,
    "roc_auc_q25": 0.7546428571428572,
    "roc_auc_q75": 0.812857142857143,
    "avg_fit_time": 1.2450638190905252,
    "std_fit_time": 0.014796102798437846,
    "n_evaluations": 300,
    "wall_time": 1.3653554580087075,
    "cpu_time": 6.117303999999422,
    "memory_peak_mb": 0.1300201416015625,
    "memory_used_mb": 0.03258991241455078,
    "memory_increment_mb": 0.015625,
    "system_memory_before_mb": 1935.421875,
    "system_memory_after_mb": 1935.4375,
    "total_energy_joules": 397.62505127415636,
    "cpu_energy_joules": 397.6247599999624,
    "memory_energy_joules": 0.00029127419395742044,
    "energy_kwh": 0.0001104514031317101,
    "co2_kg": 5.522570156585505e-05,
    "co2_grams": 0.05522570156585505,
    "model_size_bytes": 1007167,
    "model_size_mb": 0.9605093002319336
  },
  "LightGBM": {
    "best_params": {
      "boosting_type": "gbdt",
      "num_leaves": 250,
      "learning_rate": 0.09061567554753529,
      "n_estimators": 873,
      "max_depth": 2,
      "min_child_samples": 30,
      "subsample": 0.638083008565413,
      "colsample_bytree": 0.7919244045550881,
      "reg_alpha": 0.0018629791496072962,
      "reg_lambda": 0.00010344946861065614,
      "min_split_gain": 0.0052757696229562626
    },
    "f1_mean": 0.7555627203502119,
    "f1_std": 0.03669880776108614,
    "f1_median": 0.7575522098105876,
    "f1_q25": 0.7303408437855577,
    "f1_q75": 0.781132075471698,
    "roc_auc_mean": 0.7868412698412698,
    "roc_auc_std": 0.04480084144640445,
    "roc_auc_median": 0.787142857142857,
    "roc_auc_q25": 0.756547619047619,
    "roc_auc_q75": 0.8176190476190476,
    "avg_fit_time": 0.5599287557601929,
    "std_fit_time": 0.012790136434177935,
    "n_evaluations": 300,
    "wall_time": 0.5805137079878477,
    "cpu_time": 2.620217000003322,
    "memory_peak_mb": 2.007467269897461,
    "memory_used_mb": 0.02474689483642578,
    "memory_increment_mb": 0.234375,
    "system_memory_before_mb": 1057.046875,
    "system_memory_after_mb": 1057.28125,
    "total_energy_joules": 170.31603126969867,
    "cpu_energy_joules": 170.31410500021593,
    "memory_energy_joules": 0.001926269482740082,
    "energy_kwh": 4.731000868602741e-05,
    "co2_kg": 2.3655004343013704e-05,
    "co2_grams": 0.023655004343013705,
    "model_size_bytes": 510646,
    "model_size_mb": 0.48698997497558594
  },
  "CatBoost": {
    "best_params": {
      "iterations": 253,
      "depth": 5,
      "learning_rate": 0.05827065246078065,
      "l2_leaf_reg": 3.0824365554878157,
      "random_strength": 1.4443390071023322e-06,
      "bagging_temperature": 1.3078908567507044,
      "border_count": 206,
      "grow_policy": "SymmetricTree",
      "min_data_in_leaf": 61,
      "rsm": 0.803881410357063
    },
    "f1_mean": 0.7554992992951177,
    "f1_std": 0.03569896455275733,
    "f1_median": 0.7556418219461698,
    "f1_q25": 0.7343718630403413,
    "f1_q75": 0.7778128701144889,
    "roc_auc_mean": 0.7905079365079365,
    "roc_auc_std": 0.04295745462121078,
    "roc_auc_median": 0.790952380952381,
    "roc_auc_q25": 0.7614285714285715,
    "roc_auc_q75": 0.8182142857142858,
    "avg_fit_time": 0.6166371814409892,
    "std_fit_time": 0.01641481585726012,
    "n_evaluations": 300,
    "wall_time": 0.635440625002957,
    "cpu_time": 5.407079999997222,
    "memory_peak_mb": 0.06428337097167969,
    "memory_used_mb": 0.02655029296875,
    "memory_increment_mb": 0.015625,
    "system_memory_before_mb": 1106.328125,
    "system_memory_after_mb": 1106.34375,
    "total_energy_joules": 351.4603272893688,
    "cpu_energy_joules": 351.46019999981945,
    "memory_energy_joules": 0.0001272895493823381,
    "energy_kwh": 9.762786869149135e-05,
    "co2_kg": 4.881393434574567e-05,
    "co2_grams": 0.04881393434574567,
    "model_size_bytes": 226753,
    "model_size_mb": 0.2162485122680664
  }
}