{
  "metadata": {
    "total_records": 569,
    "n_features": 30,
    "hp_tuning_records": 569,
    "hp_sample_threshold": 2000,
    "hp_sample_size": 1500,
    "used_sampling": false,
    "n_trials": 200,
    "cv_folds": 10,
    "n_runs": 30,
    "models_compared": [
      "LinearBoost-L",
      "LinearBoost-K",
      "XGBoost",
      "LightGBM",
      "CatBoost"
    ],
    "timestamp": "20251130_142421"
  },
  "results": {
    "LinearBoost-L": {
      "best_params": {
        "n_estimators": 128,
        "learning_rate": 0.3795238207083304,
        "algorithm": "SAMME.R",
        "scaler": "standard"
      },
      "f1_mean": 0.9734032287235397,
      "f1_std": 0.022440613487995264,
      "f1_median": 0.9823623542652152,
      "f1_q25": 0.9645092460881936,
      "f1_q75": 0.982536590411502,
      "roc_auc_mean": 0.99296813944433,
      "roc_auc_std": 0.010100974668232683,
      "roc_auc_median": 0.9973544973544973,
      "roc_auc_q25": 0.9902597402597402,
      "roc_auc_q75": 1.0,
      "avg_fit_time": 0.03431352297465007,
      "std_fit_time": 0.05670084792897769,
      "n_evaluations": 300,
      "wall_time": 0.04118533299970295,
      "cpu_time": 0.029438999999911175,
      "memory_peak_mb": 0.5739755630493164,
      "memory_used_mb": 0.17459869384765625,
      "memory_increment_mb": 0.15625,
      "system_memory_before_mb": 792.828125,
      "system_memory_after_mb": 792.984375,
      "total_energy_joules": 1.9135411879580693,
      "cpu_energy_joules": 1.9135349999942264,
      "memory_energy_joules": 6.187963842977726e-06,
      "energy_kwh": 5.315392188772415e-07,
      "co2_kg": 2.6576960943862075e-07,
      "co2_grams": 0.0002657696094386207,
      "model_size_bytes": 150459,
      "model_size_mb": 0.14348888397216797,
      "single_core_wall_time": 0.01902759179993154,
      "single_core_cpu_time": 0.01898700000019744,
      "single_core_wall_time_std": 0.0008155157647350271
    },
    "LinearBoost-K": {
      "best_params": {
        "kernel": "rbf",
        "n_estimators": 372,
        "learning_rate": 0.09836282967780595,
        "algorithm": "SAMME",
        "scaler": "quantile-uniform",
        "gamma": 0.5979511482406321
      },
      "f1_mean": 0.9728327691502591,
      "f1_std": 0.02087470267154446,
      "f1_median": 0.9823623542652152,
      "f1_q25": 0.9645092460881936,
      "f1_q75": 0.982536590411502,
      "roc_auc_mean": 0.989603781579972,
      "roc_auc_std": 0.015019166361479711,
      "roc_auc_median": 0.9974025974025974,
      "roc_auc_q25": 0.9788359788359788,
      "roc_auc_q75": 1.0,
      "avg_fit_time": 0.14756698052088418,
      "std_fit_time": 0.045417758642883305,
      "n_evaluations": 300,
      "wall_time": 0.20328508300008252,
      "cpu_time": 0.191913000000568,
      "memory_peak_mb": 6.685900688171387,
      "memory_used_mb": 3.3627281188964844,
      "memory_increment_mb": -2.171875,
      "system_memory_before_mb": 658.765625,
      "system_memory_after_mb": 656.59375,
      "total_energy_joules": 12.474814889413912,
      "cpu_energy_joules": 12.47434500003692,
      "memory_energy_joules": 0.0004698893769920042,
      "energy_kwh": 3.465226358170531e-06,
      "co2_kg": 1.7326131790852655e-06,
      "co2_grams": 0.0017326131790852655,
      "model_size_bytes": 3417253,
      "model_size_mb": 3.258946418762207,
      "single_core_wall_time": 0.1810258416000579,
      "single_core_cpu_time": 0.1809739999998783,
      "single_core_wall_time_std": 0.0027728328975285036
    },
    "XGBoost": {
      "best_params": {
        "n_estimators": 705,
        "max_depth": 6,
        "learning_rate": 0.18903316662129815,
        "gamma": 3.314023464914125e-06,
        "min_child_weight": 1,
        "subsample": 0.5266868327194584,
        "colsample_bytree": 0.8341405480729337,
        "reg_alpha": 0.015180652245455867,
        "reg_lambda": 3.6295686036404744e-08
      },
      "f1_mean": 0.9699569254306429,
      "f1_std": 0.0224009716584714,
      "f1_median": 0.982050841635177,
      "f1_q25": 0.9642857142857143,
      "f1_q75": 0.9824127533944415,
      "roc_auc_mean": 0.9933834260977119,
      "roc_auc_std": 0.009330361282256555,
      "roc_auc_median": 0.9973544973544973,
      "roc_auc_q25": 0.9896103896103896,
      "roc_auc_q75": 1.0,
      "avg_fit_time": 0.12968975464502971,
      "std_fit_time": 0.0041533749805425305,
      "n_evaluations": 300,
      "wall_time": 0.18634483300002103,
      "cpu_time": 0.2467559999995501,
      "memory_peak_mb": 0.5188026428222656,
      "memory_used_mb": 0.019262313842773438,
      "memory_increment_mb": 0.0,
      "system_memory_before_mb": 607.171875,
      "system_memory_after_mb": 607.171875,
      "total_energy_joules": 16.03918688143985,
      "cpu_energy_joules": 16.039139999970757,
      "memory_energy_joules": 4.688146909131503e-05,
      "energy_kwh": 4.4553296892888475e-06,
      "co2_kg": 2.2276648446444238e-06,
      "co2_grams": 0.0022276648446444237,
      "model_size_bytes": 519323,
      "model_size_mb": 0.49526500701904297,
      "single_core_wall_time": 0.12902326659996105,
      "single_core_cpu_time": 0.13076660000006085,
      "single_core_wall_time_std": 0.005439415048685249
    },
    "LightGBM": {
      "best_params": {
        "boosting_type": "goss",
        "num_leaves": 121,
        "learning_rate": 0.15174240637740435,
        "n_estimators": 868,
        "max_depth": 10,
        "min_child_samples": 38,
        "subsample": 0.5590245153564414,
        "colsample_bytree": 0.5312285636110915,
        "reg_alpha": 1.5167253213000323e-07,
        "reg_lambda": 4.7584461405447027e-07,
        "min_split_gain": 0.000120028514437915
      },
      "f1_mean": 0.9747951009562599,
      "f1_std": 0.021169334384991075,
      "f1_median": 0.9823623542652152,
      "f1_q25": 0.9645092460881936,
      "f1_q75": 0.982536590411502,
      "roc_auc_mean": 0.9951038159371494,
      "roc_auc_std": 0.00758753668254142,
      "roc_auc_median": 1.0,
      "roc_auc_q25": 0.9920634920634921,
      "roc_auc_q75": 1.0,
      "avg_fit_time": 0.12480156421661377,
      "std_fit_time": 0.007635718326016481,
      "n_evaluations": 300,
      "wall_time": 0.12421508299985362,
      "cpu_time": 0.19380799999999,
      "memory_peak_mb": 1.5801944732666016,
      "memory_used_mb": 0.007874488830566406,
      "memory_increment_mb": 0.0,
      "system_memory_before_mb": 567.328125,
      "system_memory_after_mb": 567.328125,
      "total_energy_joules": 12.597632153684826,
      "cpu_energy_joules": 12.59751999999935,
      "memory_energy_joules": 0.00011215368547662514,
      "energy_kwh": 3.4993422649124515e-06,
      "co2_kg": 1.7496711324562258e-06,
      "co2_grams": 0.0017496711324562258,
      "model_size_bytes": 295270,
      "model_size_mb": 0.28159141540527344,
      "single_core_wall_time": 0.04280491660010739,
      "single_core_cpu_time": 0.04279360000000452,
      "single_core_wall_time_std": 0.0013212007430782467
    },
    "CatBoost": {
      "best_params": {
        "iterations": 493,
        "depth": 1,
        "learning_rate": 0.2509729382270049,
        "l2_leaf_reg": 0.05341933076074081,
        "random_strength": 2.0191236288351347e-06,
        "bagging_temperature": 0.13809221078858877,
        "border_count": 111,
        "grow_policy": "SymmetricTree",
        "min_data_in_leaf": 83,
        "rsm": 0.3536174390961143
      },
      "f1_mean": 0.9741061781266697,
      "f1_std": 0.019775198119511818,
      "f1_median": 0.9823623542652152,
      "f1_q25": 0.9645092460881936,
      "f1_q75": 0.982536590411502,
      "roc_auc_mean": 0.9946605167319453,
      "roc_auc_std": 0.007463257961538554,
      "roc_auc_median": 0.9986772486772486,
      "roc_auc_q25": 0.992063492063492,
      "roc_auc_q75": 1.0,
      "avg_fit_time": 0.07330075184504191,
      "std_fit_time": 0.0025240747937344565,
      "n_evaluations": 300,
      "wall_time": 0.0763234169999123,
      "cpu_time": 0.27226100000007136,
      "memory_peak_mb": 0.08388137817382812,