{
  "metadata": {
    "total_records": 62,
    "hp_tuning_records": 62,
    "hp_sample_threshold": 2000,
    "hp_sample_size": 1500,
    "used_sampling": false
  },
  "results": {
    "LinearBoost": {
      "best_params": {
        "n_estimators": 482,
        "learning_rate": 0.04460486556511283,
        "algorithm": "SAMME.R",
        "scaler": "robust",
        "kernel": "linear"
      },
      "f1_mean": 0.7876947542386138,
      "f1_std": 0.13879289322924862,
      "f1_median": 0.8333333333333334,
      "f1_q25": 0.6802197802197801,
      "f1_q75": 0.9131652661064426,
      "roc_auc_mean": 0.8405833333333332,
      "roc_auc_std": 0.12692629641733907,
      "roc_auc_median": 0.875,
      "roc_auc_q25": 0.775,
      "roc_auc_q75": 0.90625,
      "avg_fit_time": 0.08115731716156006,
      "std_fit_time": 0.07257772089729952,
      "n_evaluations": 150,
      "wall_time": 0.1641705419997379,
      "cpu_time": 0.1500580000001719,
      "memory_peak_mb": 4.549722671508789,
      "memory_used_mb": 1.6339521408081055,
      "memory_increment_mb": 1.0625,
      "system_memory_before_mb": 732.109375,
      "system_memory_after_mb": 733.171875,
      "total_energy_joules": 9.754020020379084,
      "cpu_energy_joules": 9.753770000011173,
      "memory_energy_joules": 0.0002500203679109062,
      "energy_kwh": 2.7094500056608567e-06,
      "co2_kg": 1.3547250028304283e-06,
      "co2_grams": 0.0013547250028304284,
      "model_size_bytes": 1605031,
      "model_size_mb": 1.5306768417358398,
      "single_core_wall_time": 0.14998925840009178,
      "single_core_cpu_time": 0.1499680000000808,
      "single_core_wall_time_std": 0.0012104586916534797
    },
    "XGBoost": {
      "best_params": {
        "n_estimators": 84,
        "max_depth": 1,
        "learning_rate": 0.056707742323049,
        "gamma": 0.00021435401930757525,
        "min_child_weight": 1,
        "subsample": 0.8088101995393496,
        "colsample_bytree": 0.629298799698617,
        "reg_alpha": 0.00014157940436098474,
        "reg_lambda": 0.00015062930389973017
      },
      "f1_mean": 0.7908138029077141,
      "f1_std": 0.11018340544284358,
      "f1_median": 0.8148148148148148,
      "f1_q25": 0.7379988432620012,
      "f1_q75": 0.8461538461538461,
      "roc_auc_mean": 0.8727916666666666,
      "roc_auc_std": 0.0979480534801767,
      "roc_auc_median": 0.875,
      "roc_auc_q25": 0.8296874999999999,
      "roc_auc_q75": 0.9375,
      "avg_fit_time": 0.38639799276987713,
      "std_fit_time": 0.023533988399792146,
      "n_evaluations": 150,
      "wall_time": 1.1763122920001479,
      "cpu_time": 1.213303000000451,
      "memory_peak_mb": 7.848589897155762,
      "memory_used_mb": 3.7278404235839844,
      "memory_increment_mb": 5.4375,
      "system_memory_before_mb": 716.3125,
      "system_memory_after_mb": 721.75,
      "total_energy_joules": 78.86818232339405,
      "cpu_energy_joules": 78.86469500002931,
      "memory_energy_joules": 0.00348732336474328,
      "energy_kwh": 2.1907828423165013e-05,
      "co2_kg": 1.0953914211582507e-05,
      "co2_grams": 0.010953914211582507,
      "model_size_bytes": 121042,
      "model_size_mb": 0.11543464660644531,
      "single_core_wall_time": 1.0402288752001367,
      "single_core_cpu_time": 1.041160000000127,
      "single_core_wall_time_std": 0.003208247440898439
    },
    "LightGBM": {
      "best_params": {
        "boosting_type": "gbdt",
        "num_leaves": 227,
        "learning_rate": 0.006579054062366193,
        "n_estimators": 902,
        "max_depth": 20,
        "min_child_samples": 12,
        "subsample": 0.6486610987167201,
        "colsample_bytree": 0.7427397992063565,
        "reg_alpha": 1.1537596868128651e-07,
        "reg_lambda": 0.017148771018143043,
        "min_split_gain": 0.5980383667151606
      },
      "f1_mean": 0.7678878316576975,
      "f1_std": 0.10022581179757734,
      "f1_median": 0.7631975867269986,
      "f1_q25": 0.6923076923076923,
      "f1_q75": 0.8354700854700854,
      "roc_auc_mean": 0.8451250000000001,
      "roc_auc_std": 0.1012882386640555,
      "roc_auc_median": 0.8625,
      "roc_auc_q25": 0.78125,
      "roc_auc_q75": 0.90625,
      "avg_fit_time": 0.3607069238026937,
      "std_fit_time": 0.01674177264567891,
      "n_evaluations": 150,
      "wall_time": 0.42630070800032627,
      "cpu_time": 0.9899779999996099,
      "memory_peak_mb": 1.865067481994629,
      "memory_used_mb": 0.028885841369628906,
      "memory_increment_mb": 0.078125,
      "system_memory_before_mb": 880.984375,
      "system_memory_after_mb": 881.0625,
      "total_energy_joules": 64.34924616297843,
      "cpu_energy_joules": 64.34856999997464,
      "memory_energy_joules": 0.000676163003792487,
      "energy_kwh": 1.787479060082734e-05,
      "co2_kg": 8.93739530041367e-06,
      "co2_grams": 0.00893739530041367,
      "model_size_bytes": 377397,
      "model_size_mb": 0.35991382598876953,
      "single_core_wall_time": 0.1748067079998691,
      "single_core_cpu_time": 0.17273140000015702,
      "single_core_wall_time_std": 0.0012009739725312779
    },
    "CatBoost": {
      "best_params": {
        "iterations": 349,
        "depth": 7,
        "learning_rate": 0.008511778629172769,
        "l2_leaf_reg": 0.9593298515259244,
        "random_strength": 1.9568850599901086,
        "bagging_temperature": 9.45200989950949,
        "border_count": 114,
        "grow_policy": "Depthwise",
        "min_data_in_leaf": 12,
        "rsm": 0.15862519172793682
      },
      "f1_mean": 0.8148262340037365,
      "f1_std": 0.10379137804899531,
      "f1_median": 0.8333333333333334,
      "f1_q25": 0.7555555555555555,
      "f1_q75": 0.9131652661064426,
      "roc_auc_mean": 0.8888749999999999,
      "roc_auc_std": 0.0834536735260947,
      "roc_auc_median": 0.9,
      "roc_auc_q25": 0.84375,
      "roc_auc_q75": 0.95,
      "avg_fit_time": 0.5062877066930135,
      "std_fit_time": 0.021358746815167612,
      "n_evaluations": 150,
      "wall_time": 0.6317782090000037,
      "cpu_time": 3.5745829999996204,
      "memory_peak_mb": 3.927257537841797,
      "memory_used_mb": 3.7635631561279297,
      "memory_increment_mb": 2.34375,
      "system_memory_before_mb": 757.625,
      "system_memory_after_mb": 759.96875,
      "total_energy_joules": 232.3530359819204,
      "cpu_energy_joules": 232.34789499997532,
      "memory_energy_joules": 0.005140981945088984,
      "energy_kwh": 6.45425099949779e-05,
      "co2_kg": 3.227125499748895e-05,
      "co2_grams": 0.032271254997488945,
      "model_size_bytes": 283755,
      "model_size_mb": 0.27060985565185547,
      "single_core_wall_time": 0.5839610750001156,
      "single_core_cpu_time": 0.5866837999999917,
      "single_core_wall_time_std": 0.013455196622156183
    }
  },
  "statistical_results": {
    "friedman_f1": {
      "statistic": 33.86772486772522,
      "p_value": 2.1127509563169228e-07,
      "significant": true,
      "interpretation": "Models differ significantly"
    },
    "friedman_roc": {
      "statistic": 63.11223694466092,
      "p_value": 1.2707890819603236e-13,
      "significant": true,
      "interpretation": "Models differ significantly"
    },
    "average_ranks": {
      "f1": {
        "LinearBoost": 2.49,
        "XGBoost": 2.4833333333333334,
        "LightGBM": 2.89,
        "CatBoost": 2.1366666666666667
      },
      "roc_auc": {
        "LinearBoost": 2.8466666666666667,
        "XGBoost": 2.28,
        "LightGBM": 2.8966666666666665,
        "CatBoost": 1.9766666666666666
      }
    },
    "nemenyi_critical_difference": 0.382963908946464,
    "pairwise_f1": {
      "LinearBoost_vs_XGBoost": {
        "statistic": 3436.5,
        "p_value": 0.9674550403716027,
        "significant_uncorrected": false,
        "significant_bonferroni": false,
        "effect_size": 0.006666666666666667,
        "better_model": "XGBoost",
        "rank_difference": 0.006666666666666821,
        "nemenyi_significant": false
      },