{
  "metadata": {
    "total_records": 1372,
    "hp_tuning_records": 1372,
    "hp_sample_threshold": 2000,
    "hp_sample_size": 1500,
    "used_sampling": false
  },
  "results": {
    "LinearBoost": {
      "best_params": {
        "n_estimators": 454,
        "learning_rate": 0.3021837516772194,
        "algorithm": "SAMME",
        "scaler": "standard",
        "kernel": "rbf",
        "gamma": 3.7930327787281444
      },
      "f1_mean": 0.9987131741720666,
      "f1_std": 0.00415416531989363,
      "f1_median": 1.0,
      "f1_q25": 1.0,
      "f1_q75": 1.0,
      "roc_auc_mean": 0.9999295556327481,
      "roc_auc_std": 0.00039556178059209644,
      "roc_auc_median": 1.0,
      "roc_auc_q25": 1.0,
      "roc_auc_q75": 1.0,
      "avg_fit_time": 0.4964288258552551,
      "std_fit_time": 0.31806873086176474,
      "n_evaluations": 300,
      "wall_time": 0.7486429579998912,
      "cpu_time": 0.734672000000046,
      "memory_peak_mb": 32.339232444763184,
      "memory_used_mb": 16.21854305267334,
      "memory_increment_mb": 41.15625,
      "system_memory_before_mb": 1020.21875,
      "system_memory_after_mb": 1061.375,
      "total_energy_joules": 47.76238070626959,
      "cpu_energy_joules": 47.75368000000299,
      "memory_energy_joules": 0.00870070626659932,
      "energy_kwh": 1.3267327973963775e-05,
      "co2_kg": 6.6336639869818875e-06,
      "co2_grams": 0.006633663986981887,
      "model_size_bytes": 16863318,
      "model_size_mb": 16.08211326599121,
      "single_core_wall_time": 0.7444226917998094,
      "single_core_cpu_time": 0.7428038000000015,
      "single_core_wall_time_std": 0.01053791104610647
    },
    "XGBoost": {
      "best_params": {
        "n_estimators": 256,
        "max_depth": 2,
        "learning_rate": 0.47745177688378865,
        "gamma": 0.012246666125135176,
        "min_child_weight": 2,
        "subsample": 0.5857714659776837,
        "colsample_bytree": 0.8721067434043759,
        "reg_alpha": 0.0011893980733441055,
        "reg_lambda": 0.35639941834914485
      },
      "f1_mean": 0.9974495814401312,
      "f1_std": 0.0044192623008253076,
      "f1_median": 1.0,
      "f1_q25": 0.9927593990347404,
      "f1_q75": 1.0,
      "roc_auc_mean": 0.9998817741073996,
      "roc_auc_std": 0.00037496167739679083,
      "roc_auc_median": 1.0,
      "roc_auc_q25": 1.0,
      "roc_auc_q75": 1.0,
      "avg_fit_time": 0.0471417768796285,
      "std_fit_time": 0.0012130403184529065,
      "n_evaluations": 300,
      "wall_time": 0.05507137499989767,
      "cpu_time": 0.07568399999991016,
      "memory_peak_mb": 0.20482730865478516,
      "memory_used_mb": 0.006657600402832031,
      "memory_increment_mb": 0.046875,
      "system_memory_before_mb": 1063.28125,
      "system_memory_after_mb": 1063.328125,
      "total_energy_joules": 4.919465677051055,
      "cpu_energy_joules": 4.91945999999416,
      "memory_energy_joules": 5.677056895096566e-06,
      "energy_kwh": 1.366518243625293e-06,
      "co2_kg": 6.832591218126465e-07,
      "co2_grams": 0.0006832591218126465,
      "model_size_bytes": 203341,
      "model_size_mb": 0.19392108917236328,
      "single_core_wall_time": 0.02087837499984744,
      "single_core_cpu_time": 0.022021999999924446,
      "single_core_wall_time_std": 0.0006556626045921501
    },
    "LightGBM": {
      "best_params": {
        "boosting_type": "goss",
        "num_leaves": 31,
        "learning_rate": 0.14662037456423388,
        "n_estimators": 826,
        "max_depth": 18,
        "min_child_samples": 50,
        "subsample": 0.6083869151724349,
        "colsample_bytree": 0.616429479842237,
        "reg_alpha": 1.2601807648877743e-06,
        "reg_lambda": 0.00011925117292259049,
        "min_split_gain": 1.2523481874667137e-06
      },
      "f1_mean": 0.998179632158219,
      "f1_std": 0.003621833583188875,
      "f1_median": 1.0,
      "f1_q25": 1.0,
      "f1_q75": 1.0,
      "roc_auc_mean": 0.999994976263311,
      "roc_auc_std": 3.250246261859359e-05,
      "roc_auc_median": 1.0,
      "roc_auc_q25": 1.0,
      "roc_auc_q75": 1.0,
      "avg_fit_time": 0.1901844541231791,
      "std_fit_time": 0.004690096188611596,
      "n_evaluations": 300,
      "wall_time": 0.19970833300021695,
      "cpu_time": 0.29874800000015966,
      "memory_peak_mb": 2.1230268478393555,
      "memory_used_mb": 0.007946014404296875,
      "memory_increment_mb": 0.0,
      "system_memory_before_mb": 902.453125,
      "system_memory_after_mb": 902.453125,
      "total_energy_joules": 19.418852269306548,
      "cpu_energy_joules": 19.418620000010378,
      "memory_energy_joules": 0.00023226929616893948,
      "energy_kwh": 5.39412563036293e-06,
      "co2_kg": 2.697062815181465e-06,
      "co2_grams": 0.002697062815181465,
      "model_size_bytes": 575906,
      "model_size_mb": 0.5492267608642578,
      "single_core_wall_time": 0.05384953320008208,
      "single_core_cpu_time": 0.05378939999991417,
      "single_core_wall_time_std": 0.00041288311586638453
    },
    "CatBoost": {
      "best_params": {
        "iterations": 284,
        "depth": 6,
        "learning_rate": 0.030280107966891557,
        "l2_leaf_reg": 1.2639166373224914e-07,
        "random_strength": 2.4339207252897195,
        "bagging_temperature": 0.5748037085164562,
        "border_count": 62,
        "grow_policy": "SymmetricTree",
        "min_data_in_leaf": 37,
        "rsm": 0.6855839654814782
      },
      "f1_mean": 0.9991506867514767,
      "f1_std": 0.002411594247990724,
      "f1_median": 1.0,
      "f1_q25": 1.0,
      "f1_q75": 1.0,
      "roc_auc_mean": 1.0,
      "roc_auc_std": 0.0,
      "roc_auc_median": 1.0,
      "roc_auc_q25": 1.0,
      "roc_auc_q75": 1.0,
      "avg_fit_time": 0.0774277941385905,
      "std_fit_time": 0.001828621454701569,
      "n_evaluations": 300,
      "wall_time": 0.08000908300027731,
      "cpu_time": 0.28670099999999366,
      "memory_peak_mb": 0.046417236328125,
      "memory_used_mb": 0.0045070648193359375,
      "memory_increment_mb": 0.296875,
      "system_memory_before_mb": 877.46875,
      "system_memory_after_mb": 877.765625,
      "total_energy_joules": 18.635569873486432,
      "cpu_energy_joules": 18.635564999999588,
      "memory_energy_joules": 4.873486842960011e-06,
      "energy_kwh": 5.176547187079564e-06,
      "co2_kg": 2.588273593539782e-06,
      "co2_grams": 0.002588273593539782,
      "model_size_bytes": 309081,
      "model_size_mb": 0.29476261138916016,
      "single_core_wall_time": 0.08244164999996428,
      "single_core_cpu_time": 0.0851622000000134,
      "single_core_wall_time_std": 0.00030212653825054933
    }
  },
  "statistical_results": {
    "friedman_f1": {
      "statistic": 59.4020156774909,
      "p_value": 7.888450160699275e-13,
      "significant": true,
      "interpretation": "Models differ significantly"
    },
    "friedman_roc": {
      "statistic": 74.93292682926682,
      "p_value": 3.7452608533691264e-16,
      "significant": true,
      "interpretation": "Models differ significantly"
    },
    "average_ranks": {
      "f1": {
        "LinearBoost": 2.385,
        "XGBoost": 2.7283333333333335,
        "LightGBM": 2.558333333333333,
        "CatBoost": 2.328333333333333
      },
      "roc_auc": {
        "LinearBoost": 2.57,
        "XGBoost": 2.6783333333333332,
        "LightGBM": 2.395,
        "CatBoost": 2.3566666666666665
      }
    },
    "nemenyi_critical_difference": 0.2707963769657522,
    "pairwise_f1": {
      "LinearBoost_vs_XGBoost": {
        "statistic": 1623.0,
        "p_value": 7.065422021898829e-05,
        "significant_uncorrected": true,
        "significant_bonferroni": true,
        "effect_size": 0.17666666666666667,
        "better_model": "LinearBoost",
        "rank_difference": 0.3433333333333337,
        "nemenyi_significant": true
      },
      "LinearBoost_vs_LightGBM": {
        "statistic": 1516.0,
        "p_value": 0.11639929941959401,
        "significant_uncorrected": false,