{
  "LinearBoost": {
    "best_params": {
      "n_estimators": 353,
      "learning_rate": 0.012374690047105216,
      "algorithm": "SAMME",
      "scaler": "minmax",
      "kernel": "sigmoid",
      "gamma": 0.3639639233088491,
      "coef0": 0.7475380608087602
    },
    "f1_mean": 0.7378236877077546,
    "f1_std": 0.06884734726918877,
    "f1_median": 0.7378708928993559,
    "f1_q25": 0.6894353625479226,
    "f1_q75": 0.7824874639712559,
    "roc_auc_mean": 0.6845723082271995,
    "roc_auc_std": 0.10791143995639933,
    "roc_auc_median": 0.6929347826086956,
    "roc_auc_q25": 0.6079545454545454,
    "roc_auc_q75": 0.7527173913043478,
    "avg_fit_time": 0.09428792397181193,
    "std_fit_time": 0.012660385558914213,
    "n_evaluations": 300,
    "wall_time": 0.24404266604688019,
    "cpu_time": 0.22469999999999857,
    "memory_peak_mb": 2.970754623413086,
    "memory_used_mb": 1.8336868286132812,
    "memory_increment_mb": 18.546875,
    "system_memory_before_mb": 98.234375,
    "system_memory_after_mb": 116.78125,
    "total_energy_joules": 14.605744456261094,
    "cpu_energy_joules": 14.605499999999907,
    "memory_energy_joules": 0.0002444562611868589,
    "energy_kwh": 4.057151237850304e-06,
    "co2_kg": 2.028575618925152e-06,
    "co2_grams": 0.002028575618925152,
    "model_size_bytes": 1234773,
    "model_size_mb": 1.1775712966918945,
    "single_core_wall_time": 0.22601270792074502,
    "single_core_cpu_time": 0.22611900000000063
  },
  "XGBoost": {
    "best_params": {
      "n_estimators": 861,
      "max_depth": 9,
      "learning_rate": 0.27725726665972106,
      "gamma": 0.0027315666521046758,
      "min_child_weight": 9,
      "subsample": 0.7176806918306385,
      "colsample_bytree": 0.5766549818578592,
      "reg_alpha": 3.369818813312983e-05,
      "reg_lambda": 0.00023234845418695295
    },
    "f1_mean": 0.7031914388011732,
    "f1_std": 0.07064330266030441,
    "f1_median": 0.7000000000000001,
    "f1_q25": 0.6579265137139899,
    "f1_q75": 0.7550514002126905,
    "roc_auc_mean": 0.6264102528912311,
    "roc_auc_std": 0.11932736140590607,
    "roc_auc_median": 0.625,
    "roc_auc_q25": 0.5426136363636364,
    "roc_auc_q75": 0.7122344367588933,
    "avg_fit_time": 0.021576358477274578,
    "std_fit_time": 0.0009342789686505771,
    "n_evaluations": 300,
    "wall_time": 0.7841298750136048,
    "cpu_time": 3.461786,
    "memory_peak_mb": 0.0998086929321289,
    "memory_used_mb": 0.08912181854248047,
    "memory_increment_mb": 11.484375,
    "system_memory_before_mb": 119.15625,
    "system_memory_after_mb": 130.640625,
    "total_energy_joules": 225.01621653186126,
    "cpu_energy_joules": 225.01609,
    "memory_energy_joules": 0.0001265318612807896,
    "energy_kwh": 6.250450459218368e-05,
    "co2_kg": 3.125225229609184e-05,
    "co2_grams": 0.03125225229609184,
    "model_size_bytes": 704483,
    "model_size_mb": 0.6718473434448242,
    "single_core_wall_time": 0.055666833999566734,
    "single_core_cpu_time": 0.0563629999999975
  },
  "LightGBM": {
    "best_params": {
      "boosting_type": "dart",
      "num_leaves": 142,
      "learning_rate": 0.041155287934949394,
      "n_estimators": 219,
      "max_depth": 1,
      "min_child_samples": 31,
      "subsample": 0.7176114882710289,
      "colsample_bytree": 0.5713203150218373,
      "reg_alpha": 0.014886192464332378,
      "reg_lambda": 0.04355818086357859,
      "min_split_gain": 0.0011922569549049633
    },
    "f1_mean": 0.7099097033800887,
    "f1_std": 0.058204402588698155,
    "f1_median": 0.7092473118279571,
    "f1_q25": 0.6693333333333334,
    "f1_q75": 0.7550514002126905,
    "roc_auc_mean": 0.6918505709266579,
    "roc_auc_std": 0.10966148544085981,
    "roc_auc_median": 0.6956521739130435,
    "roc_auc_q25": 0.6107336956521741,
    "roc_auc_q75": 0.7699652777777778,
    "avg_fit_time": 1.3784693495432536,
    "std_fit_time": 0.10129320757019027,
    "n_evaluations": 300,
    "wall_time": 0.2017444169614464,
    "cpu_time": 0.8746140000000011,
    "memory_peak_mb": 1.2341947555541992,
    "memory_used_mb": 0.06749916076660156,
    "memory_increment_mb": 6.46875,
    "system_memory_before_mb": 121.140625,
    "system_memory_after_mb": 127.609375,
    "total_energy_joules": 56.85030530420366,
    "cpu_energy_joules": 56.84991000000007,
    "memory_energy_joules": 0.0003953042035892145,
    "energy_kwh": 1.5791751473389905e-05,
    "co2_kg": 7.895875736694953e-06,
    "co2_grams": 0.007895875736694953,
    "model_size_bytes": 86464,
    "model_size_mb": 0.08245849609375,
    "single_core_wall_time": 0.010666458052583039,
    "single_core_cpu_time": 0.01066199999999995
  },
  "CatBoost": {
    "best_params": {
      "iterations": 392,
      "depth": 2,
      "learning_rate": 0.003665892989290235,
      "l2_leaf_reg": 3.842804211350616e-07,
      "random_strength": 1.4794782124120685e-06,
      "bagging_temperature": 0.3410472856814686,
      "border_count": 201,
      "grow_policy": "Depthwise",
      "min_data_in_leaf": 86,
      "rsm": 0.8391375468490188
    },
    "f1_mean": 0.728186648371688,
    "f1_std": 0.06326426847593677,
    "f1_median": 0.7272098868873063,
    "f1_q25": 0.685066085987745,
    "f1_q75": 0.775,
    "roc_auc_mean": 0.6938829417362026,
    "roc_auc_std": 0.11304968389865201,
    "roc_auc_median": 0.6999752964426877,
    "roc_auc_q25": 0.6187005928853755,
    "roc_auc_q75": 0.7744565217391304,
    "avg_fit_time": 0.055026482741038,
    "std_fit_time": 0.002562855048664901,
    "n_evaluations": 300,
    "wall_time": 0.13333149999380112,
    "cpu_time": 0.7415969999999987,
    "memory_peak_mb": 0.052353858947753906,
    "memory_used_mb": 0.014007568359375,
    "memory_increment_mb": 13.765625,
    "system_memory_before_mb": 128.046875,
    "system_memory_after_mb": 141.8125,
    "total_energy_joules": 48.203819218309754,
    "cpu_energy_joules": 48.20380499999992,
    "memory_energy_joules": 1.4218309839139668e-05,
    "energy_kwh": 1.3389949782863821e-05,
    "co2_kg": 6.6949748914319105e-06,
    "co2_grams": 0.00669497489143191,
    "model_size_bytes": 83186,
    "model_size_mb": 0.07933235168457031,
    "single_core_wall_time": 0.04604916600510478,
    "single_core_cpu_time": 0.04958600000000146
  }
}