{
  "friedman_f1": {
    "statistic": 82.72647257955369,
    "p_value": 7.981688411328873e-18,
    "significant": true,
    "interpretation": "Models differ significantly"
  },
  "friedman_roc": {
    "statistic": 230.4899799599203,
    "p_value": 1.0836149361128745e-49,
    "significant": true,
    "interpretation": "Models differ significantly"
  },
  "average_ranks": {
    "f1": {
      "LinearBoost": 3.0283333333333333,
      "XGBoost": 2.5316666666666667,
      "LightGBM": 2.131666666666667,
      "CatBoost": 2.308333333333333
    },
    "roc_auc": {
      "LinearBoost": 3.1866666666666665,
      "XGBoost": 2.895,
      "LightGBM": 1.7783333333333333,
      "CatBoost": 2.14
    }
  },
  "nemenyi_critical_difference": 0.2707963769657522,
  "pairwise_f1": {
    "LinearBoost_vs_XGBoost": {
      "statistic": 12040.0,
      "p_value": 9.808661235780987e-12,
      "significant_uncorrected": true,
      "significant_bonferroni": true,
      "effect_size": -0.2966666666666667,
      "better_model": "XGBoost",
      "rank_difference": 0.4966666666666666,
      "nemenyi_significant": true
    },
    "LinearBoost_vs_LightGBM": {
      "statistic": 8523.0,
      "p_value": 9.220117458293733e-21,
      "significant_uncorrected": true,
      "significant_bonferroni": true,
      "effect_size": -0.4066666666666667,
      "better_model": "LightGBM",
      "rank_difference": 0.8966666666666665,
      "nemenyi_significant": true
    },
    "LinearBoost_vs_CatBoost": {
      "statistic": 8740.0,
      "p_value": 9.742808348429025e-20,
      "significant_uncorrected": true,
      "significant_bonferroni": true,
      "effect_size": -0.35333333333333333,
      "better_model": "CatBoost",
      "rank_difference": 0.7200000000000002,
      "nemenyi_significant": true
    },
    "XGBoost_vs_LightGBM": {
      "statistic": 14013.5,
      "p_value": 4.878154929033385e-06,
      "significant_uncorrected": true,
      "significant_bonferroni": true,
      "effect_size": -0.17666666666666667,
      "better_model": "LightGBM",
      "rank_difference": 0.3999999999999999,
      "nemenyi_significant": true
    },
    "XGBoost_vs_CatBoost": {
      "statistic": 16184.5,
      "p_value": 0.0004300631492898897,
      "significant_uncorrected": true,
      "significant_bonferroni": true,
      "effect_size": -0.18333333333333332,
      "better_model": "CatBoost",
      "rank_difference": 0.2233333333333336,
      "nemenyi_significant": false
    },
    "LightGBM_vs_CatBoost": {
      "statistic": 17356.5,
      "p_value": 0.03771431812195671,
      "significant_uncorrected": true,
      "significant_bonferroni": false,
      "effect_size": 0.15333333333333332,
      "better_model": "LightGBM",
      "rank_difference": 0.1766666666666663,
      "nemenyi_significant": false
    }
  },
  "pairwise_roc": {
    "LinearBoost_vs_XGBoost": {
      "statistic": 12048.0,
      "p_value": 2.550347625868471e-12,
      "significant_uncorrected": true,
      "significant_bonferroni": true,
      "effect_size": -0.2866666666666667,
      "better_model": "XGBoost",
      "rank_difference": 0.2916666666666665,
      "nemenyi_significant": true
    },
    "LinearBoost_vs_LightGBM": {
      "statistic": 4476.5,
      "p_value": 2.3096601902881633e-33,
      "significant_uncorrected": true,
      "significant_bonferroni": true,
      "effect_size": -0.62,
      "better_model": "LightGBM",
      "rank_difference": 1.4083333333333332,
      "nemenyi_significant": true
    },
    "LinearBoost_vs_CatBoost": {
      "statistic": 6263.5,
      "p_value": 5.5980219195749166e-27,
      "significant_uncorrected": true,
      "significant_bonferroni": true,
      "effect_size": -0.4666666666666667,
      "better_model": "CatBoost",
      "rank_difference": 1.0466666666666664,
      "nemenyi_significant": true
    },
    "XGBoost_vs_LightGBM": {
      "statistic": 5399.0,
      "p_value": 3.2413014800987075e-30,
      "significant_uncorrected": true,
      "significant_bonferroni": true,
      "effect_size": -0.6666666666666666,
      "better_model": "LightGBM",
      "rank_difference": 1.1166666666666667,
      "nemenyi_significant": true
    },
    "XGBoost_vs_CatBoost": {
      "statistic": 10460.5,
      "p_value": 1.281643663628531e-15,
      "significant_uncorrected": true,
      "significant_bonferroni": true,
      "effect_size": -0.41,
      "better_model": "CatBoost",
      "rank_difference": 0.7549999999999999,
      "nemenyi_significant": true
    },
    "LightGBM_vs_CatBoost": {
      "statistic": 16168.5,
      "p_value": 5.765663246254244e-05,
      "significant_uncorrected": true,
      "significant_bonferroni": true,
      "effect_size": 0.15666666666666668,
      "better_model": "LightGBM",
      "rank_difference": 0.3616666666666668,
      "nemenyi_significant": true
    }
  },
  "statistical_power": {
    "n_samples_per_model": 300,
    "bonferroni_corrected_alpha": 0.008333333333333333,
    "interpretation": "With 300 samples per model, we have high statistical power to detect meaningful differences"
  }
}