{
  "metadata": {
    "total_records": 351,
    "n_features": 34,
    "hp_tuning_records": 351,
    "hp_sample_threshold": 2000,
    "hp_sample_size": 1500,
    "used_sampling": false,
    "n_trials": 200,
    "cv_folds": 10,
    "n_runs": 30,
    "models_compared": [
      "LinearBoost-L",
      "LinearBoost-K",
      "XGBoost",
      "LightGBM",
      "CatBoost"
    ],
    "timestamp": "20251130_145400"
  },
  "results": {
    "LinearBoost-L": {
      "best_params": {
        "n_estimators": 471,
        "learning_rate": 0.2332254430657968,
        "algorithm": "SAMME.R",
        "scaler": "standard"
      },
      "f1_mean": 0.8714279065173363,
      "f1_std": 0.06477467203822226,
      "f1_median": 0.8814935064935064,
      "f1_q25": 0.8453486657821023,
      "f1_q75": 0.9133816131447954,
      "roc_auc_mean": 0.8843360866186952,
      "roc_auc_std": 0.07271238747541475,
      "roc_auc_median": 0.8922924901185771,
      "roc_auc_q25": 0.8461538461538463,
      "roc_auc_q75": 0.937062937062937,
      "avg_fit_time": 0.04677193880081177,
      "std_fit_time": 0.05854303124623585,
      "n_evaluations": 300,
      "wall_time": 0.04902133300015521,
      "cpu_time": 0.03480600000011691,
      "memory_peak_mb": 0.4385805130004883,
      "memory_used_mb": 0.15572357177734375,
      "memory_increment_mb": 0.140625,
      "system_memory_before_mb": 766.5625,
      "system_memory_after_mb": 766.703125,
      "total_energy_joules": 2.26239559030301,
      "cpu_energy_joules": 2.262390000007599,
      "memory_energy_joules": 5.5902954109666515e-06,
      "energy_kwh": 6.28443219528614e-07,
      "co2_kg": 3.14221609764307e-07,
      "co2_grams": 0.00031422160976430697,
      "model_size_bytes": 122641,
      "model_size_mb": 0.1169595718383789,
      "single_core_wall_time": 0.02750512500001605,
      "single_core_cpu_time": 0.02749940000003335,
      "single_core_wall_time_std": 0.0005133775640949074
    },
    "LinearBoost-K": {
      "best_params": {
        "kernel": "rbf",
        "n_estimators": 258,
        "learning_rate": 0.12350048162310913,
        "algorithm": "SAMME",
        "scaler": "robust",
        "gamma": 2.3899342501056315
      },
      "f1_mean": 0.9502250267713438,
      "f1_std": 0.03781389156707295,
      "f1_median": 0.9448051948051949,
      "f1_q25": 0.91697735941922,
      "f1_q75": 0.9716825396825397,
      "roc_auc_mean": 0.9782514104253236,
      "roc_auc_std": 0.03272555834974465,
      "roc_auc_median": 0.993006993006993,
      "roc_auc_q25": 0.9753027769332117,
      "roc_auc_q75": 1.0,
      "avg_fit_time": 0.0942773985862732,
      "std_fit_time": 0.032592448919043365,
      "n_evaluations": 300,
      "wall_time": 0.28851429099995585,
      "cpu_time": 0.2752380000001722,
      "memory_peak_mb": 3.3555374145507812,
      "memory_used_mb": 1.9814519882202148,
      "memory_increment_mb": 1.03125,
      "system_memory_before_mb": 486.921875,
      "system_memory_after_mb": 487.953125,
      "total_energy_joules": 17.89080822196196,
      "cpu_energy_joules": 17.89047000001119,
      "memory_energy_joules": 0.0003382219507714987,
      "energy_kwh": 4.969668950544989e-06,
      "co2_kg": 2.4848344752724944e-06,
      "co2_grams": 0.0024848344752724945,
      "model_size_bytes": 1859670,
      "model_size_mb": 1.773519515991211,
      "single_core_wall_time": 0.244871641599957,
      "single_core_cpu_time": 0.24482719999996333,
      "single_core_wall_time_std": 0.0018729163708158345
    },
    "XGBoost": {
      "best_params": {
        "n_estimators": 734,
        "max_depth": 3,
        "learning_rate": 0.019129897097304276,
        "gamma": 0.9493615331339711,
        "min_child_weight": 1,
        "subsample": 0.8837896640787868,
        "colsample_bytree": 0.526228954010094,
        "reg_alpha": 0.0019826456633585256,
        "reg_lambda": 0.0010900461838924873
      },
      "f1_mean": 0.9355358961218876,
      "f1_std": 0.043603744422701644,
      "f1_median": 0.9417184265010352,
      "f1_q25": 0.9114312144839434,
      "f1_q75": 0.9711746031746031,
      "roc_auc_mean": 0.9715138002094524,
      "roc_auc_std": 0.029288597376306718,
      "roc_auc_median": 0.9818840579710144,
      "roc_auc_q25": 0.9545454545454546,
      "roc_auc_q75": 0.9963768115942029,
      "avg_fit_time": 0.18732986132303875,
      "std_fit_time": 0.006212528373030823,
      "n_evaluations": 300,
      "wall_time": 0.2509594159998869,
      "cpu_time": 0.34071099999982835,
      "memory_peak_mb": 0.6141653060913086,
      "memory_used_mb": 0.019613265991210938,
      "memory_increment_mb": -1.296875,
      "system_memory_before_mb": 509.59375,
      "system_memory_after_mb": 508.296875,
      "total_energy_joules": 22.14629163068059,
      "cpu_energy_joules": 22.146214999988842,
      "memory_energy_joules": 7.66306917493544e-05,
      "energy_kwh": 6.151747675189053e-06,
      "co2_kg": 3.0758738375945264e-06,
      "co2_grams": 0.0030758738375945265,
      "model_size_bytes": 618950,
      "model_size_mb": 0.5902767181396484,
      "single_core_wall_time": 0.16189259999996466,
      "single_core_cpu_time": 0.16356280000009066,
      "single_core_wall_time_std": 0.001825638319802787
    },
    "LightGBM": {
      "best_params": {
        "boosting_type": "dart",
        "num_leaves": 79,
        "learning_rate": 0.26547993658078145,
        "n_estimators": 285,
        "max_depth": 9,
        "min_child_samples": 13,
        "subsample": 0.7092300890878795,
        "colsample_bytree": 0.9406295803044997,
        "reg_alpha": 5.1648201605246365e-06,
        "reg_lambda": 2.557852976690811e-07,
        "min_split_gain": 7.450653557807551e-06
      },
      "f1_mean": 0.937677694495848,
      "f1_std": 0.04298071313013692,
      "f1_median": 0.9417184265010352,
      "f1_q25": 0.9133342143517906,
      "f1_q75": 0.9711746031746031,
      "roc_auc_mean": 0.9763450559102732,
      "roc_auc_std": 0.02728348219433543,
      "roc_auc_median": 0.986013986013986,
      "roc_auc_q25": 0.965034965034965,
      "roc_auc_q75": 0.9965034965034966,
      "avg_fit_time": 0.20723106543223063,
      "std_fit_time": 0.012980636234023887,
      "n_evaluations": 300,
      "wall_time": 0.25285662500004946,
      "cpu_time": 0.41102600000021994,
      "memory_peak_mb": 1.8714179992675781,
      "memory_used_mb": 0.007943153381347656,
      "memory_increment_mb": 0.03125,
      "system_memory_before_mb": 520.03125,
      "system_memory_after_mb": 520.0625,
      "total_energy_joules": 26.7169716900001,
      "cpu_energy_joules": 26.716690000014296,
      "memory_energy_joules": 0.00028168998580347916,
      "energy_kwh": 7.421381025000028e-06,
      "co2_kg": 3.710690512500014e-06,
      "co2_grams": 0.0037106905125000138,
      "model_size_bytes": 449072,
      "model_size_mb": 0.4282684326171875,
      "single_core_wall_time": 0.10557666679997055,
      "single_core_cpu_time": 0.10556560000004538,
      "single_core_wall_time_std": 0.008545989945316902
    },
    "CatBoost": {
      "best_params": {
        "iterations": 444,
        "depth": 6,
        "learning_rate": 0.02136044965689458,
        "l2_leaf_reg": 0.0011351721028390557,
        "random_strength": 3.274342362154859e-06,
        "bagging_temperature": 0.3536591476879939,
        "border_count": 116,
        "grow_policy": "Lossguide",
        "min_data_in_leaf": 94,
        "rsm": 0.4439235416882825
      },
      "f1_mean": 0.9411861610351244,
      "f1_std": 0.042492311823336286,
      "f1_median": 0.9428571428571428,
      "f1_q25": 0.9135238095238096,
      "f1_q75": 0.9711746031746031,
      "roc_auc_mean": 0.9728946657207526,
      "roc_auc_std": 0.03017144634224081,
      "roc_auc_median": 0.9855072463768115,
      "roc_auc_q25": 0.9560276679841897,
      "roc_auc_q75": 1.0,
      "avg_fit_time": 0.10313195864359538,
      "std_fit_time": 0.004654799938778949,
      "n_evaluations": 300,
      "wall_time": 0.10965387500004908,
      "cpu_time": 0.41480600000022605,