{
  "metadata": {
    "total_records": 253680,
    "hp_tuning_records": 1500,
    "hp_sample_threshold": 2000,
    "hp_sample_size": 1500,
    "used_sampling": true
  },
  "results": {
    "LinearBoost": {
      "best_params": {
        "n_estimators": 78,
        "learning_rate": 0.8005261628535613,
        "algorithm": "SAMME",
        "scaler": "quantile-uniform",
        "kernel": "linear"
      },
      "f1_mean": 0.8146343716741254,
      "f1_std": 0.0019587769472625767,
      "f1_median": 0.8146923818557993,
      "f1_q25": 0.813347091056952,
      "f1_q75": 0.8158525860862154,
      "roc_auc_mean": 0.7861026130246576,
      "roc_auc_std": 0.003897441215175387,
      "roc_auc_median": 0.7860845030986469,
      "roc_auc_q25": 0.7836613921936237,
      "roc_auc_q75": 0.7886157239236169,
      "avg_fit_time": 0.5428503767649333,
      "std_fit_time": 0.053496563603509656,
      "n_evaluations": 300,
      "wall_time": 0.6059094580004967,
      "cpu_time": 0.45220599999993283,
      "memory_peak_mb": 167.4591703414917,
      "memory_used_mb": 40.84138298034668,
      "memory_increment_mb": 162.8125,
      "system_memory_before_mb": 1503.421875,
      "system_memory_after_mb": 1666.234375,
      "total_energy_joules": 29.421121704677066,
      "cpu_energy_joules": 29.393389999995634,
      "memory_energy_joules": 0.02773170468143311,
      "energy_kwh": 8.172533806854741e-06,
      "co2_kg": 4.0862669034273705e-06,
      "co2_grams": 0.004086266903427371,
      "model_size_bytes": 42801071,
      "model_size_mb": 40.81828212738037,
      "single_core_wall_time": 0.45510784179932673,
      "single_core_cpu_time": 0.457199200001196,
      "single_core_wall_time_std": 0.04674260310016751
    },
    "XGBoost": {
      "best_params": {
        "n_estimators": 968,
        "max_depth": 6,
        "learning_rate": 0.056762447681802435,
        "gamma": 0.13315080136040686,
        "min_child_weight": 7,
        "subsample": 0.9980311691414508,
        "colsample_bytree": 0.6095706974364529,
        "reg_alpha": 0.5078813257794249,
        "reg_lambda": 0.5712990264704316
      },
      "f1_mean": 0.8334466328369518,
      "f1_std": 0.001514213961905487,
      "f1_median": 0.8335086340318356,
      "f1_q25": 0.8323982284236167,
      "f1_q75": 0.8345097191493134,
      "roc_auc_mean": 0.8309297207165023,
      "roc_auc_std": 0.0031589001972810015,
      "roc_auc_median": 0.8308567661891926,
      "roc_auc_q25": 0.8288053940510618,
      "roc_auc_q75": 0.8330364938688347,
      "avg_fit_time": 1.444375879764557,
      "std_fit_time": 0.0789692291512742,
      "n_evaluations": 300,
      "wall_time": 1.7769605419998697,
      "cpu_time": 4.833020000000033,
      "memory_peak_mb": 20.580849647521973,
      "memory_used_mb": 0.016753196716308594,
      "memory_increment_mb": 0.0,
      "system_memory_before_mb": 1885.578125,
      "system_memory_after_mb": 1885.578125,
      "total_energy_joules": 314.1827261442759,
      "cpu_energy_joules": 314.14630000000216,
      "memory_energy_joules": 0.03642614427373071,
      "energy_kwh": 8.727297948452108e-05,
      "co2_kg": 4.363648974226054e-05,
      "co2_grams": 0.04363648974226054,
      "model_size_bytes": 1676049,
      "model_size_mb": 1.598404884338379,
      "single_core_wall_time": 4.190163341399239,
      "single_core_cpu_time": 4.193339399997785,
      "single_core_wall_time_std": 0.11636021341261557
    },
    "LightGBM": {
      "best_params": {
        "boosting_type": "gbdt",
        "num_leaves": 57,
        "learning_rate": 0.05727278855214001,
        "n_estimators": 925,
        "max_depth": 7,
        "min_child_samples": 58,
        "subsample": 0.6769184226411664,
        "colsample_bytree": 0.7968767953445726,
        "reg_alpha": 3.528227072545505e-07,
        "reg_lambda": 6.228980664100144e-08,
        "min_split_gain": 7.618713257832164e-07
      },
      "f1_mean": 0.8332454016937317,
      "f1_std": 0.0014163057983324488,
      "f1_median": 0.8332892000665684,
      "f1_q25": 0.8321675382469397,
      "f1_q75": 0.8343234039974722,
      "roc_auc_mean": 0.8268119713063727,
      "roc_auc_std": 0.003229201816831661,
      "roc_auc_median": 0.8267916542680087,
      "roc_auc_q25": 0.82460487248306,
      "roc_auc_q75": 0.829036939851571,
      "avg_fit_time": 3.8781233660380043,
      "std_fit_time": 0.0673445346894814,
      "n_evaluations": 300,
      "wall_time": 4.099330499999269,
      "cpu_time": 10.787963000000673,
      "memory_peak_mb": 44.529937744140625,
      "memory_used_mb": 0.009241104125976562,
      "memory_increment_mb": 44.75,
      "system_memory_before_mb": 798.546875,
      "system_memory_after_mb": 843.296875,
      "total_energy_joules": 701.3935180911483,
      "cpu_energy_joules": 701.2175950000437,
      "memory_energy_joules": 0.17592309110453705,
      "energy_kwh": 0.00019483153280309675,
      "co2_kg": 9.741576640154837e-05,
      "co2_grams": 0.09741576640154838,
      "model_size_bytes": 5503186,
      "model_size_mb": 5.248247146606445,
      "single_core_wall_time": 7.137938241800657,
      "single_core_cpu_time": 7.1373357999982545,
      "single_core_wall_time_std": 0.04958998090495739
    },
    "CatBoost": {
      "best_params": {
        "iterations": 350,
        "depth": 14,
        "learning_rate": 0.27772594681591933,
        "l2_leaf_reg": 3.235847620547474,
        "random_strength": 4.185051710740786e-08,
        "bagging_temperature": 1.5241657161506925,
        "border_count": 78,
        "grow_policy": "Depthwise",
        "min_data_in_leaf": 70,
        "rsm": 0.46922778128249476
      },
      "f1_mean": 0.8273013561457018,
      "f1_std": 0.0017105672424738122,
      "f1_median": 0.8272505523091025,
      "f1_q25": 0.8262129074898628,
      "f1_q75": 0.8284826395647835,
      "roc_auc_mean": 0.7601040219909287,
      "roc_auc_std": 0.0037653624414105825,
      "roc_auc_median": 0.7600736822964149,
      "roc_auc_q25": 0.7575406821914403,
      "roc_auc_q75": 0.7628038616524005,
      "avg_fit_time": 51.0253046242396,
      "std_fit_time": 162.63886581017314,
      "n_evaluations": 300,
      "wall_time": 27.505981791999147,
      "cpu_time": 98.63703199999873,
      "memory_peak_mb": 0.06972122192382812,
      "memory_used_mb": 0.028200149536132812,
      "memory_increment_mb": 11.21875,
      "system_memory_before_mb": 1331.0625,
      "system_memory_after_mb": 1342.28125,
      "total_energy_joules": 6411.409598467104,
      "cpu_energy_joules": 6411.407079999917,
      "memory_energy_joules": 0.0025184671867601247,
      "energy_kwh": 0.0017809471106853066,
      "co2_kg": 0.0008904735553426533,
      "co2_grams": 0.8904735553426533,
      "model_size_bytes": 24368680,
      "model_size_mb": 23.239784240722656,
      "single_core_wall_time": 43.32801474140033,
      "single_core_cpu_time": 43.324110400001516,
      "single_core_wall_time_std": 0.43567468617690847
    }
  },
  "statistical_results": {
    "friedman_f1": {
      "statistic": 812.3040000000001,
      "p_value": 9.284544559869234e-176,
      "significant": true,
      "interpretation": "Models differ significantly"
    },
    "friedman_roc": {
      "statistic": 900.0,
      "p_value": 8.851690237125443e-195,
      "significant": true,
      "interpretation": "Models differ significantly"
    },
    "average_ranks": {
      "f1": {
        "LinearBoost": 4.0,
        "XGBoost": 1.42,
        "LightGBM": 1.58,
        "CatBoost": 3.0
      },
      "roc_auc": {
        "LinearBoost": 3.0,
        "XGBoost": 1.0,
        "LightGBM": 2.0,
        "CatBoost": 4.0
      }
    },
    "nemenyi_critical_difference": 0.2707963769657522,
    "pairwise_f1": {
      "LinearBoost_vs_XGBoost": {
        "statistic": 0.0,
        "p_value": 6.083559849691439e-51,
        "significant_uncorrected": true,
        "significant_bonferroni": true,
        "effect_size": -1.0,
        "better_model": "XGBoost",
        "rank_difference": 2.58,
        "nemenyi_significant": true
      },