{
  "metadata": {
    "total_records": 569,
    "hp_tuning_records": 569,
    "hp_sample_threshold": 2000,
    "hp_sample_size": 1500,
    "used_sampling": false
  },
  "results": {
    "LinearBoost": {
      "best_params": {
        "n_estimators": 298,
        "learning_rate": 0.32519467625599935,
        "algorithm": "SAMME.R",
        "scaler": "robust",
        "kernel": "linear"
      },
      "f1_mean": 0.9709031984650407,
      "f1_std": 0.025319212350397764,
      "f1_median": 0.982050841635177,
      "f1_q25": 0.9645092460881936,
      "f1_q75": 0.982536590411502,
      "roc_auc_mean": 0.992136317826794,
      "roc_auc_std": 0.01135434158939539,
      "roc_auc_median": 0.9973544973544973,
      "roc_auc_q25": 0.9880952380952381,
      "roc_auc_q75": 1.0,
      "avg_fit_time": 0.0406232484181722,
      "std_fit_time": 0.0527653461939529,
      "n_evaluations": 300,
      "wall_time": 0.03623058299990589,
      "cpu_time": 0.024175999999897613,
      "memory_peak_mb": 0.6629171371459961,
      "memory_used_mb": 0.1828441619873047,
      "memory_increment_mb": 0.265625,
      "system_memory_before_mb": 1175.390625,
      "system_memory_after_mb": 1175.65625,
      "total_energy_joules": 1.5714458691405766,
      "cpu_energy_joules": 1.5714399999933448,
      "memory_energy_joules": 5.869147231777488e-06,
      "energy_kwh": 4.3651274142793796e-07,
      "co2_kg": 2.1825637071396898e-07,
      "co2_grams": 0.00021825637071396897,
      "model_size_bytes": 155488,
      "model_size_mb": 0.148284912109375,
      "single_core_wall_time": 0.02354761659998985,
      "single_core_cpu_time": 0.023539199999959237,
      "single_core_wall_time_std": 0.00031420814406832163
    },
    "XGBoost": {
      "best_params": {
        "n_estimators": 548,
        "max_depth": 10,
        "learning_rate": 0.14833135992277524,
        "gamma": 3.1276786219225746e-08,
        "min_child_weight": 1,
        "subsample": 0.8420699805516068,
        "colsample_bytree": 0.7794542730016956,
        "reg_alpha": 0.030092941474297183,
        "reg_lambda": 1.248177354004326e-08
      },
      "f1_mean": 0.9685742181195303,
      "f1_std": 0.02350792458036452,
      "f1_median": 0.9652084757347915,
      "f1_q25": 0.9476097712345061,
      "f1_q75": 0.9823756902902523,
      "roc_auc_mean": 0.993319235438283,
      "roc_auc_std": 0.009368938819709868,
      "roc_auc_median": 0.9973785473785474,
      "roc_auc_q25": 0.9895622895622895,
      "roc_auc_q75": 1.0,
      "avg_fit_time": 0.11219745794932047,
      "std_fit_time": 0.0033762353919837055,
      "n_evaluations": 300,
      "wall_time": 0.15767545799985783,
      "cpu_time": 0.21511300000020128,
      "memory_peak_mb": 0.42508792877197266,
      "memory_used_mb": 0.018728256225585938,
      "memory_increment_mb": 0.0,
      "system_memory_before_mb": 1220.625,
      "system_memory_after_mb": 1220.625,
      "total_energy_joules": 13.98237848705152,
      "cpu_energy_joules": 13.982345000013083,
      "memory_energy_joules": 3.348703843579501e-05,
      "energy_kwh": 3.883994024180978e-06,
      "co2_kg": 1.941997012090489e-06,
      "co2_grams": 0.001941997012090489,
      "model_size_bytes": 421616,
      "model_size_mb": 0.4020843505859375,
      "single_core_wall_time": 0.10350101639996864,
      "single_core_cpu_time": 0.10501359999998386,
      "single_core_wall_time_std": 0.0022917845391494367
    },
    "LightGBM": {
      "best_params": {
        "boosting_type": "gbdt",
        "num_leaves": 87,
        "learning_rate": 0.20378269857658038,
        "n_estimators": 378,
        "max_depth": 1,
        "min_child_samples": 38,
        "subsample": 0.8779965850744342,
        "colsample_bytree": 0.5293623205447325,
        "reg_alpha": 0.03635632285400355,
        "reg_lambda": 1.1922311719840974,
        "min_split_gain": 0.00021742462237361328
      },
      "f1_mean": 0.9695189541927671,
      "f1_std": 0.022803447423852027,
      "f1_median": 0.9652084757347915,
      "f1_q25": 0.9645092460881936,
      "f1_q75": 0.9823756902902523,
      "roc_auc_mean": 0.9943557914748391,
      "roc_auc_std": 0.007096930551803453,
      "roc_auc_median": 0.9973544973544973,
      "roc_auc_q25": 0.9916048237476808,
      "roc_auc_q75": 1.0,
      "avg_fit_time": 0.030328944524129233,
      "std_fit_time": 0.00034808527807291554,
      "n_evaluations": 300,
      "wall_time": 0.033573124999975335,
      "cpu_time": 0.050882000000001426,
      "memory_peak_mb": 1.2935657501220703,
      "memory_used_mb": 0.007874488830566406,
      "memory_increment_mb": 0.03125,
      "system_memory_before_mb": 1222.125,
      "system_memory_after_mb": 1222.15625,
      "total_energy_joules": 3.307354103715607,
      "cpu_energy_joules": 3.3073300000000927,
      "memory_energy_joules": 2.4103715514299204e-05,
      "energy_kwh": 9.187094732543352e-07,
      "co2_kg": 4.593547366271676e-07,
      "co2_grams": 0.0004593547366271676,
      "model_size_bytes": 144994,
      "model_size_mb": 0.1382770538330078,
      "single_core_wall_time": 0.01469923359995846,
      "single_core_cpu_time": 0.01469520000009652,
      "single_core_wall_time_std": 0.000301195402890004
    },
    "CatBoost": {
      "best_params": {
        "iterations": 384,
        "depth": 1,
        "learning_rate": 0.1550528129294681,
        "l2_leaf_reg": 0.2341051508864051,
        "random_strength": 9.815386271633592,
        "bagging_temperature": 1.8279790312153759,
        "border_count": 224,
        "grow_policy": "Depthwise",
        "min_data_in_leaf": 65,
        "rsm": 0.9258205541887956
      },
      "f1_mean": 0.9739830926095775,
      "f1_std": 0.02055158787089821,
      "f1_median": 0.9823623542652152,
      "f1_q25": 0.9645092460881936,
      "f1_q75": 0.982536590411502,
      "roc_auc_mean": 0.9947225772463867,
      "roc_auc_std": 0.007614873797841036,
      "roc_auc_median": 0.9986772486772486,
      "roc_auc_q25": 0.9922077922077923,
      "roc_auc_q75": 1.0,
      "avg_fit_time": 0.07015765428543091,
      "std_fit_time": 0.0012515517868020099,
      "n_evaluations": 300,
      "wall_time": 0.07255158299994946,
      "cpu_time": 0.26478799999995317,
      "memory_peak_mb": 0.08368301391601562,
      "memory_used_mb": 0.04248619079589844,
      "memory_increment_mb": 0.0,
      "system_memory_before_mb": 1222.65625,
      "system_memory_after_mb": 1222.65625,
      "total_energy_joules": 17.21122811459335,
      "cpu_energy_joules": 17.211219999996956,
      "memory_energy_joules": 8.114596394820567e-06,
      "energy_kwh": 4.780896698498153e-06,
      "co2_kg": 2.3904483492490764e-06,
      "co2_grams": 0.002390448349249076,
      "model_size_bytes": 62922,
      "model_size_mb": 0.06000709533691406,
      "single_core_wall_time": 0.10601574140000594,
      "single_core_cpu_time": 0.10818439999993643,
      "single_core_wall_time_std": 0.000488568905374347
    }
  },
  "statistical_results": {
    "friedman_f1": {
      "statistic": 24.34917175239715,
      "p_value": 2.1119074390109346e-05,
      "significant": true,
      "interpretation": "Models differ significantly"
    },
    "friedman_roc": {
      "statistic": 21.707599629286072,
      "p_value": 7.503752305744261e-05,
      "significant": true,
      "interpretation": "Models differ significantly"
    },
    "average_ranks": {
      "f1": {
        "LinearBoost": 2.405,
        "XGBoost": 2.6466666666666665,
        "LightGBM": 2.6633333333333336,
        "CatBoost": 2.285
      },
      "roc_auc": {
        "LinearBoost": 2.57,
        "XGBoost": 2.655,
        "LightGBM": 2.515,
        "CatBoost": 2.26
      }
    },
    "nemenyi_critical_difference": 0.2707963769657522,
    "pairwise_f1": {
      "LinearBoost_vs_XGBoost": {
        "statistic": 10811.0,
        "p_value": 0.06537652355223042,
        "significant_uncorrected": false,
        "significant_bonferroni": false,
        "effect_size": 0.09333333333333334,
        "better_model": "LinearBoost",