{
  "LinearBoost": {
    "best_params": {
      "n_estimators": 103,
      "learning_rate": 0.12705929015988215,
      "algorithm": "SAMME.R",
      "scaler": "quantile-uniform",
      "kernel": "linear"
    },
    "f1_mean": 0.8124135802469135,
    "f1_std": 0.1696082681726866,
    "f1_median": 0.8380952380952381,
    "f1_q25": 0.6666666666666666,
    "f1_q75": 1.0,
    "roc_auc_mean": 0.8581944444444446,
    "roc_auc_std": 0.15924802797391324,
    "roc_auc_median": 0.875,
    "roc_auc_q25": 0.75,
    "roc_auc_q75": 1.0,
    "avg_fit_time": 0.10577097177505493,
    "std_fit_time": 0.015536132319437195,
    "n_evaluations": 300,
    "wall_time": 0.2948699579574168,
    "cpu_time": 0.28095799999999826,
    "memory_peak_mb": 3.9909114837646484,
    "memory_used_mb": 2.463451385498047,
    "memory_increment_mb": 20.34375,
    "system_memory_before_mb": 84.828125,
    "system_memory_after_mb": 105.171875,
    "total_energy_joules": 18.26268062445374,
    "cpu_energy_joules": 18.262269999999887,
    "memory_energy_joules": 0.0004106244538533476,
    "energy_kwh": 5.072966840126039e-06,
    "co2_kg": 2.5364834200630194e-06,
    "co2_grams": 0.0025364834200630195,
    "model_size_bytes": 2397966,
    "model_size_mb": 2.2868785858154297
  },
  "XGBoost": {
    "best_params": {
      "n_estimators": 44,
      "max_depth": 7,
      "learning_rate": 0.09900891201676779,
      "gamma": 3.404711434968283e-05,
      "min_child_weight": 1,
      "subsample": 0.5059709422164104,
      "colsample_bytree": 0.87439887244027,
      "reg_alpha": 1.5576891460062717e-07,
      "reg_lambda": 0.00027673541688796925
    },
    "f1_mean": 0.773961920795254,
    "f1_std": 0.16537842449501328,
    "f1_median": 0.8148148148148148,
    "f1_q25": 0.6666666666666666,
    "f1_q75": 0.8507936507936508,
    "roc_auc_mean": 0.8716666666666667,
    "roc_auc_std": 0.15597809675293087,
    "roc_auc_median": 0.8958333333333333,
    "roc_auc_q25": 0.75,
    "roc_auc_q75": 1.0,
    "avg_fit_time": 0.1829408589998881,
    "std_fit_time": 0.031736071019879006,
    "n_evaluations": 300,
    "wall_time": 0.7434658750426024,
    "cpu_time": 0.8932370000000027,
    "memory_peak_mb": 6.0365190505981445,
    "memory_used_mb": 3.8313121795654297,
    "memory_increment_mb": 36.40625,
    "system_memory_before_mb": 86.625,
    "system_memory_after_mb": 123.03125,
    "total_energy_joules": 58.06237962481726,
    "cpu_energy_joules": 58.06040500000017,
    "memory_energy_joules": 0.001974624817089533,
    "energy_kwh": 1.612843878467146e-05,
    "co2_kg": 8.06421939233573e-06,
    "co2_grams": 0.00806421939233573,
    "model_size_bytes": 94891,
    "model_size_mb": 0.09049510955810547
  },
  "LightGBM": {
    "best_params": {
      "boosting_type": "dart",
      "num_leaves": 35,
      "learning_rate": 0.04257501420640222,
      "n_estimators": 495,
      "max_depth": 9,
      "min_child_samples": 6,
      "subsample": 0.8333407231990174,
      "colsample_bytree": 0.6215730410277753,
      "reg_alpha": 0.00474976442197643,
      "reg_lambda": 0.01532991816146915,
      "min_split_gain": 5.466004862286433e-06
    },
    "f1_mean": 0.7721875100208433,
    "f1_std": 0.16140881365867657,
    "f1_median": 0.8148148148148148,
    "f1_q25": 0.6666666666666666,
    "f1_q75": 0.8507936507936508,
    "roc_auc_mean": 0.845,
    "roc_auc_std": 0.1671949959378769,
    "roc_auc_median": 0.875,
    "roc_auc_q25": 0.75,
    "roc_auc_q75": 1.0,
    "avg_fit_time": 9.673136986891429,
    "std_fit_time": 0.3533774390112382,
    "n_evaluations": 300,
    "wall_time": 1.321068917051889,
    "cpu_time": 5.770968,
    "memory_peak_mb": 1.9194517135620117,
    "memory_used_mb": 0.07944869995117188,
    "memory_increment_mb": 35.0,
    "system_memory_before_mb": 77.75,
    "system_memory_after_mb": 112.75,
    "total_energy_joules": 375.116976553131,
    "cpu_energy_joules": 375.11292,
    "memory_energy_joules": 0.004056553131046705,
    "energy_kwh": 0.0001041991601536475,
    "co2_kg": 5.209958007682375e-05,
    "co2_grams": 0.05209958007682375,
    "model_size_bytes": 388610,
    "model_size_mb": 0.3706073760986328
  },
  "CatBoost": {
    "best_params": {
      "iterations": 389,
      "depth": 13,
      "learning_rate": 0.018925545349418135,
      "l2_leaf_reg": 0.0014817133726739663,
      "random_strength": 0.00011464223179826014,
      "bagging_temperature": 0.10130638946430585,
      "border_count": 175,
      "grow_policy": "Lossguide",
      "min_data_in_leaf": 7,
      "rsm": 0.5395635372282096
    },
    "f1_mean": 0.7733930575597242,
    "f1_std": 0.17014519712493442,
    "f1_median": 0.8148148148148148,
    "f1_q25": 0.6666666666666666,
    "f1_q75": 0.8507936507936508,
    "roc_auc_mean": 0.8502777777777777,
    "roc_auc_std": 0.17153289466052069,
    "roc_auc_median": 0.875,
    "roc_auc_q25": 0.75,
    "roc_auc_q75": 1.0,
    "avg_fit_time": 3.589270938237508,
    "std_fit_time": 0.5406251602931729,
    "n_evaluations": 300,
    "wall_time": 2.6362694998970255,
    "cpu_time": 29.463138999999998,
    "memory_peak_mb": 3.8460283279418945,
    "memory_used_mb": 3.696967124938965,
    "memory_increment_mb": 45.3125,
    "system_memory_before_mb": 63.359375,
    "system_memory_after_mb": 108.671875,
    "total_energy_joules": 1915.145532583212,
    "cpu_energy_joules": 1915.1040349999998,
    "memory_energy_joules": 0.04149758321194688,
    "energy_kwh": 0.0005319848701620033,
    "co2_kg": 0.00026599243508100166,
    "co2_grams": 0.2659924350810017,
    "model_size_bytes": 427002,
    "model_size_mb": 0.40722084045410156
  }
}