{
  "LinearBoost": {
    "best_params": {
      "n_estimators": 428,
      "learning_rate": 0.10733813276977183,
      "algorithm": "SAMME",
      "scaler": "quantile-uniform",
      "kernel": "poly",
      "gamma": 1.9020090309761675,
      "degree": 5,
      "coef0": 0.4830074347363192
    },
    "f1_mean": 0.7427284104263508,
    "f1_std": 0.03620228609432321,
    "f1_median": 0.7440000000000001,
    "f1_q25": 0.7177631578947369,
    "f1_q75": 0.7698790154359617,
    "roc_auc_mean": 0.7603626984126985,
    "roc_auc_std": 0.04836871571573843,
    "roc_auc_median": 0.7642857142857142,
    "roc_auc_q25": 0.7261904761904762,
    "roc_auc_q75": 0.7952380952380952,
    "avg_fit_time": 0.9301218803723653,
    "std_fit_time": 0.3438650629647974,
    "n_evaluations": 300,
    "wall_time": 0.4565049579832703,
    "cpu_time": 0.44535800000000236,
    "memory_peak_mb": 21.59078311920166,
    "memory_used_mb": 10.341439247131348,
    "memory_increment_mb": 85.09375,
    "system_memory_before_mb": 101.234375,
    "system_memory_after_mb": 186.328125,
    "total_energy_joules": 28.951791348140436,
    "cpu_energy_joules": 28.948270000000154,
    "memory_energy_joules": 0.003521348140283739,
    "energy_kwh": 8.042164263372342e-06,
    "co2_kg": 4.021082131686171e-06,
    "co2_grams": 0.004021082131686171,
    "model_size_bytes": 10170881,
    "model_size_mb": 9.699707984924316
  },
  "XGBoost": {
    "best_params": {
      "n_estimators": 403,
      "max_depth": 19,
      "learning_rate": 0.013718090406889892,
      "gamma": 1.5622937523724088e-08,
      "min_child_weight": 2,
      "subsample": 0.9597903838413853,
      "colsample_bytree": 0.9519863151621079,
      "reg_alpha": 0.0019392023612301345,
      "reg_lambda": 0.0008072556254636082
    },
    "f1_mean": 0.7560754599642819,
    "f1_std": 0.03632566260670036,
    "f1_median": 0.7566521910777735,
    "f1_q25": 0.7308980213089802,
    "f1_q75": 0.781132075471698,
    "roc_auc_mean": 0.7846650793650793,
    "roc_auc_std": 0.04176655235280568,
    "roc_auc_median": 0.7830952380952381,
    "roc_auc_q25": 0.7570238095238095,
    "roc_auc_q75": 0.8142857142857143,
    "avg_fit_time": 0.11953023195266724,
    "std_fit_time": 0.004498555537913078,
    "n_evaluations": 300,
    "wall_time": 1.5645649579819292,
    "cpu_time": 7.1009910000000005,
    "memory_peak_mb": 0.15103721618652344,
    "memory_used_mb": 0.11757755279541016,
    "memory_increment_mb": 17.640625,
    "system_memory_before_mb": 207.0625,
    "system_memory_after_mb": 224.703125,
    "total_energy_joules": 461.56480776632554,
    "cpu_energy_joules": 461.56441500000005,
    "memory_energy_joules": 0.0003927663254903164,
    "energy_kwh": 0.0001282124466017571,
    "co2_kg": 6.410622330087855e-05,
    "co2_grams": 0.06410622330087855,
    "model_size_bytes": 1751825,
    "model_size_mb": 1.670670509338379
  },
  "LightGBM": {
    "best_params": {
      "boosting_type": "dart",
      "num_leaves": 72,
      "learning_rate": 0.2125307069332566,
      "n_estimators": 967,
      "max_depth": 2,
      "min_child_samples": 31,
      "subsample": 0.9638685207081436,
      "colsample_bytree": 0.9429170089320813,
      "reg_alpha": 0.0012232481572293005,
      "reg_lambda": 0.02567111961884322,
      "min_split_gain": 2.5938082809088452e-05
    },
    "f1_mean": 0.7576541533254492,
    "f1_std": 0.038201043727468416,
    "f1_median": 0.7601437556154538,
    "f1_q25": 0.7335052315628237,
    "f1_q75": 0.7866666666666667,
    "roc_auc_mean": 0.7900492063492064,
    "roc_auc_std": 0.04413639099801951,
    "roc_auc_median": 0.7878571428571429,
    "roc_auc_q25": 0.7585714285714287,
    "roc_auc_q75": 0.8239285714285716,
    "avg_fit_time": 97.36747043053309,
    "std_fit_time": 243.44714825087675,
    "n_evaluations": 300,
    "wall_time": 2.250183083000593,
    "cpu_time": 10.515075,
    "memory_peak_mb": 2.18044376373291,
    "memory_used_mb": 0.08497810363769531,
    "memory_increment_mb": 26.421875,
    "system_memory_before_mb": 89.546875,
    "system_memory_after_mb": 115.96875,
    "total_energy_joules": 683.4882713121492,
    "cpu_energy_joules": 683.479875,
    "memory_energy_joules": 0.00839631214926776,
    "energy_kwh": 0.00018985785314226366,
    "co2_kg": 9.492892657113183e-05,
    "co2_grams": 0.09492892657113183,
    "model_size_bytes": 570345,
    "model_size_mb": 0.5439233779907227
  },
  "CatBoost": {
    "best_params": {
      "iterations": 455,
      "depth": 3,
      "learning_rate": 0.07740127106438845,
      "l2_leaf_reg": 0.0114296397425882,
      "random_strength": 4.584006196181622,
      "bagging_temperature": 0.43769372049711214,
      "border_count": 243,
      "grow_policy": "SymmetricTree",
      "min_data_in_leaf": 95,
      "rsm": 0.5710406057709159
    },
    "f1_mean": 0.7536893774000064,
    "f1_std": 0.03743067204892499,
    "f1_median": 0.7566521910777735,
    "f1_q25": 0.7282587401682246,
    "f1_q75": 0.7777703617734012,
    "roc_auc_mean": 0.7864888888888889,
    "roc_auc_std": 0.043861099615272084,
    "roc_auc_median": 0.7847619047619048,
    "roc_auc_q25": 0.7552380952380953,
    "roc_auc_q75": 0.8172619047619047,
    "avg_fit_time": 0.6676958211263021,
    "std_fit_time": 0.12304449784950991,
    "n_evaluations": 300,
    "wall_time": 0.5128890420019161,
    "cpu_time": 4.699680999999998,
    "memory_peak_mb": 0.08632373809814453,
    "memory_used_mb": 0.048648834228515625,
    "memory_increment_mb": 41.203125,
    "system_memory_before_mb": 115.515625,
    "system_memory_after_mb": 156.71875,
    "total_energy_joules": 305.4794135695916,
    "cpu_energy_joules": 305.4792649999999,
    "memory_energy_joules": 0.00014856959171954072,
    "energy_kwh": 8.485539265821989e-05,
    "co2_kg": 4.2427696329109945e-05,
    "co2_grams": 0.04242769632910994,
    "model_size_bytes": 180058,
    "model_size_mb": 0.17171669006347656
  }
}