{
  "LinearBoost": {
    "best_params": {
      "n_estimators": 148,
      "learning_rate": 0.2819697300564843,
      "algorithm": "SAMME.R",
      "scaler": "minmax",
      "kernel": "linear"
    },
    "f1_mean": 0.9710969801079462,
    "f1_std": 0.022894329634080855,
    "f1_median": 0.9736296586849842,
    "f1_q25": 0.9642857142857143,
    "f1_q75": 0.982536590411502,
    "roc_auc_mean": 0.99301952632905,
    "roc_auc_std": 0.010131922574500405,
    "roc_auc_median": 0.9974025974025974,
    "roc_auc_q25": 0.9907407407407407,
    "roc_auc_q75": 1.0,
    "avg_fit_time": 0.031182603836059572,
    "std_fit_time": 0.013238146575589511,
    "n_evaluations": 300,
    "wall_time": 0.199804125004448,
    "cpu_time": 0.18674100000000138,
    "memory_peak_mb": 0.7909584045410156,
    "memory_used_mb": 0.4126434326171875,
    "memory_increment_mb": 8.0,
    "system_memory_before_mb": 115.546875,
    "system_memory_after_mb": 123.546875,
    "total_energy_joules": 12.138219090953491,
    "cpu_energy_joules": 12.13816500000009,
    "memory_energy_joules": 5.409095340175594e-05,
    "energy_kwh": 3.3717275252648588e-06,
    "co2_kg": 1.6858637626324294e-06,
    "co2_grams": 0.0016858637626324293,
    "model_size_bytes": 205113,
    "model_size_mb": 0.19561100006103516
  },
  "XGBoost": {
    "best_params": {
      "n_estimators": 673,
      "max_depth": 13,
      "learning_rate": 0.10308666845806107,
      "gamma": 0.00033372346384598746,
      "min_child_weight": 1,
      "subsample": 0.8643443775122165,
      "colsample_bytree": 0.7679778644997542,
      "reg_alpha": 6.915252910208178e-06,
      "reg_lambda": 0.0724678226425502
    },
    "f1_mean": 0.9694482027750646,
    "f1_std": 0.022308319929907925,
    "f1_median": 0.9649122807017544,
    "f1_q25": 0.9644533631375738,
    "f1_q75": 0.9825239427070089,
    "roc_auc_mean": 0.9934456813028241,
    "roc_auc_std": 0.009249841025558609,
    "roc_auc_median": 0.9974025974025974,
    "roc_auc_q25": 0.9907407407407407,
    "roc_auc_q75": 1.0,
    "avg_fit_time": 0.06340796709060668,
    "std_fit_time": 0.0038167789500336757,
    "n_evaluations": 300,
    "wall_time": 0.5445195829961449,
    "cpu_time": 2.0230599999999974,
    "memory_peak_mb": 0.1358642578125,
    "memory_used_mb": 0.12520790100097656,
    "memory_increment_mb": 15.640625,
    "system_memory_before_mb": 124.421875,
    "system_memory_after_mb": 140.0625,
    "total_energy_joules": 131.49900065730404,
    "cpu_energy_joules": 131.49889999999982,
    "memory_energy_joules": 0.00010065730422735202,
    "energy_kwh": 3.6527500182584456e-05,
    "co2_kg": 1.8263750091292228e-05,
    "co2_grams": 0.01826375009129223,
    "model_size_bytes": 524108,
    "model_size_mb": 0.4998283386230469
  },
  "LightGBM": {
    "best_params": {
      "boosting_type": "dart",
      "num_leaves": 146,
      "learning_rate": 0.2484456045196262,
      "n_estimators": 944,
      "max_depth": 9,
      "min_child_samples": 17,
      "subsample": 0.9413285592511295,
      "colsample_bytree": 0.9662888141904531,
      "reg_alpha": 0.05132796079907986,
      "reg_lambda": 3.988000140237373,
      "min_split_gain": 0.0027666006742767583
    },
    "f1_mean": 0.9680841194959229,
    "f1_std": 0.022411490264563183,
    "f1_median": 0.9649122807017544,
    "f1_q25": 0.9599113272311213,
    "f1_q75": 0.9823756902902523,
    "roc_auc_mean": 0.9932864014292587,
    "roc_auc_std": 0.008706622401076333,
    "roc_auc_median": 0.9973544973544973,
    "roc_auc_q25": 0.9894179894179894,
    "roc_auc_q75": 1.0,
    "avg_fit_time": 26.726529468695322,
    "std_fit_time": 0.8412690390341836,
    "n_evaluations": 300,
    "wall_time": 3.07936445903033,
    "cpu_time": 14.518052999999998,
    "memory_peak_mb": 2.9968433380126953,
    "memory_used_mb": 0.06958198547363281,
    "memory_increment_mb": 44.796875,
    "system_memory_before_mb": 84.015625,
    "system_memory_after_mb": 128.8125,
    "total_energy_joules": 943.6893782264699,
    "cpu_energy_joules": 943.6734449999999,
    "memory_energy_joules": 0.015933226469957967,
    "energy_kwh": 0.00026213593839624166,
    "co2_kg": 0.00013106796919812083,
    "co2_grams": 0.13106796919812083,
    "model_size_bytes": 1007081,
    "model_size_mb": 0.9604272842407227
  },
  "CatBoost": {
    "best_params": {
      "iterations": 417,
      "depth": 1,
      "learning_rate": 0.24160750628562366,
      "l2_leaf_reg": 0.7123788676161589,
      "random_strength": 1.249022820958382,
      "bagging_temperature": 1.0358442314591618,
      "border_count": 223,
      "grow_policy": "Lossguide",
      "min_data_in_leaf": 5,
      "rsm": 0.20797746058906558
    },
    "f1_mean": 0.9749717874648897,
    "f1_std": 0.021055452271557112,
    "f1_median": 0.9823623542652152,
    "f1_q25": 0.9645092460881936,
    "f1_q75": 1.0,
    "roc_auc_mean": 0.9948559861655101,
    "roc_auc_std": 0.007218390186437749,
    "roc_auc_median": 0.9986772486772486,
    "roc_auc_q25": 0.9920634920634921,
    "roc_auc_q75": 1.0,
    "avg_fit_time": 0.08717766125996908,
    "std_fit_time": 0.007469846354278197,
    "n_evaluations": 300,
    "wall_time": 0.13999916694592685,
    "cpu_time": 0.8269519999999986,
    "memory_peak_mb": 0.09148502349853516,
    "memory_used_mb": 0.053966522216796875,
    "memory_increment_mb": 19.078125,
    "system_memory_before_mb": 133.9375,
    "system_memory_after_mb": 153.015625,
    "total_energy_joules": 53.75190770522079,
    "cpu_energy_joules": 53.75187999999991,
    "memory_energy_joules": 2.7705220880918156e-05,
    "energy_kwh": 1.4931085473672441e-05,
    "co2_kg": 7.4655427368362205e-06,
    "co2_grams": 0.007465542736836221,
    "model_size_bytes": 65321,
    "model_size_mb": 0.062294960021972656
  }
}