{
  "LinearBoost": {
    "best_params": {
      "n_estimators": 190,
      "learning_rate": 0.3393941779495324,
      "algorithm": "SAMME",
      "scaler": "quantile-normal",
      "kernel": "poly",
      "gamma": 3.3495532319972714,
      "degree": 2,
      "coef0": 0.01778751559507305
    },
    "f1_mean": 0.9168314452733819,
    "f1_std": 0.02056548417107307,
    "f1_median": 0.9178839406207827,
    "f1_q25": 0.9020540487235643,
    "f1_q75": 0.9329629657039904,
    "roc_auc_mean": 0.9745904807847156,
    "roc_auc_std": 0.009747110122610056,
    "roc_auc_median": 0.975127551020408,
    "roc_auc_q25": 0.968473447690932,
    "roc_auc_q75": 0.9814652423469388,
    "avg_fit_time": 3.32797732035319,
    "std_fit_time": 0.4537312210007559,
    "n_evaluations": 300,
    "wall_time": 5.797368666040711,
    "cpu_time": 5.6980910000000335,
    "memory_peak_mb": 203.04664516448975,
    "memory_used_mb": 107.82930660247803,
    "memory_increment_mb": 358.171875,
    "system_memory_before_mb": 173.421875,
    "system_memory_after_mb": 531.59375,
    "total_energy_joules": 370.79961309377364,
    "cpu_energy_joules": 370.3759150000022,
    "memory_energy_joules": 0.4236980937714768,
    "energy_kwh": 0.00010299989252604823,
    "co2_kg": 5.149994626302412e-05,
    "co2_grams": 0.051499946263024114,
    "model_size_bytes": 109867085,
    "model_size_mb": 104.77741718292236
  },
  "XGBoost": {
    "best_params": {
      "n_estimators": 839,
      "max_depth": 18,
      "learning_rate": 0.011010174160629932,
      "gamma": 9.369528257580863e-05,
      "min_child_weight": 1,
      "subsample": 0.9792306515683612,
      "colsample_bytree": 0.5219183263360219,
      "reg_alpha": 1.6762610890643386e-05,
      "reg_lambda": 3.3999098976996277e-06
    },
    "f1_mean": 0.9276207829332016,
    "f1_std": 0.018262140619564406,
    "f1_median": 0.9277889888133362,
    "f1_q25": 0.9173499969239152,
    "f1_q75": 0.9431629663638815,
    "roc_auc_mean": 0.9786686162519955,
    "roc_auc_std": 0.008433002643982331,
    "roc_auc_median": 0.9796975813521285,
    "roc_auc_q25": 0.9726743306858826,
    "roc_auc_q75": 0.9851794410946197,
    "avg_fit_time": 12.173824649651845,
    "std_fit_time": 0.3728338389842479,
    "n_evaluations": 300,
    "wall_time": 18.34243274992332,
    "cpu_time": 41.15893900000003,
    "memory_peak_mb": 9.13516616821289,
    "memory_used_mb": 6.370288848876953,
    "memory_increment_mb": 315.28125,
    "system_memory_before_mb": 210.5,
    "system_memory_after_mb": 525.78125,
    "total_energy_joules": 2675.4687280226117,
    "cpu_energy_joules": 2675.331035000002,
    "memory_energy_joules": 0.13769302260949892,
    "energy_kwh": 0.0007431857577840587,
    "co2_kg": 0.0003715928788920294,
    "co2_grams": 0.37159287889202935,
    "model_size_bytes": 3854760,
    "model_size_mb": 3.6761856079101562
  },
  "LightGBM": {
    "best_params": {
      "boosting_type": "gbdt",
      "num_leaves": 72,
      "learning_rate": 0.13730766840275924,
      "n_estimators": 779,
      "max_depth": 2,
      "min_child_samples": 4,
      "subsample": 0.6424074867153131,
      "colsample_bytree": 0.6270869195154251,
      "reg_alpha": 0.005836378341771817,
      "reg_lambda": 0.00046235248365735193,
      "min_split_gain": 0.2825273186996047
    },
    "f1_mean": 0.9320192677878852,
    "f1_std": 0.01820457488985173,
    "f1_median": 0.9328772782736522,
    "f1_q25": 0.9224763702766317,
    "f1_q75": 0.9434856244612343,
    "roc_auc_mean": 0.9823817591215648,
    "roc_auc_std": 0.007577027380326402,
    "roc_auc_median": 0.9828681156806156,
    "roc_auc_q25": 0.977093962585034,
    "roc_auc_q75": 0.9886267006802721,
    "avg_fit_time": 7.477627199490865,
    "std_fit_time": 0.3640825532387133,
    "n_evaluations": 300,
    "wall_time": 1.310510165989399,
    "cpu_time": 5.148082000000045,
    "memory_peak_mb": 51.27816200256348,
    "memory_used_mb": 0.33146190643310547,
    "memory_increment_mb": 196.53125,
    "system_memory_before_mb": 62.90625,
    "system_memory_after_mb": 259.4375,
    "total_energy_joules": 334.7220038950707,
    "cpu_energy_joules": 334.6253300000029,
    "memory_energy_joules": 0.09667389506780394,
    "energy_kwh": 9.297833441529742e-05,
    "co2_kg": 4.648916720764871e-05,
    "co2_grams": 0.04648916720764871,
    "model_size_bytes": 442957,
    "model_size_mb": 0.4224367141723633
  },
  "CatBoost": {
    "best_params": {
      "iterations": 221,
      "depth": 16,
      "learning_rate": 0.2175957634543975,
      "l2_leaf_reg": 6.397819276804932,
      "random_strength": 6.559548487985054,
      "bagging_temperature": 1.6532713572345064,
      "border_count": 226,
      "grow_policy": "Depthwise",
      "min_data_in_leaf": 87,
      "rsm": 0.9079593346378749
    },
    "f1_mean": 0.9311163318148908,
    "f1_std": 0.01727772651874393,
    "f1_median": 0.9328128542397474,
    "f1_q25": 0.9179173993547172,
    "f1_q75": 0.9432537168507326,
    "roc_auc_mean": 0.9812545697038059,
    "roc_auc_std": 0.00858388671881542,
    "roc_auc_median": 0.9816009844659513,
    "roc_auc_q25": 0.9759778911564625,
    "roc_auc_q75": 0.988015518707483,
    "avg_fit_time": 14.88756739616394,
    "std_fit_time": 1.4637053529311286,
    "n_evaluations": 300,
    "wall_time": 2.8975437079789117,
    "cpu_time": 31.71446800000001,
    "memory_peak_mb": 6.678796768188477,
    "memory_used_mb": 6.42966365814209,
    "memory_increment_mb": 150.828125,
    "system_memory_before_mb": 240.4375,
    "system_memory_after_mb": 391.265625,
    "total_energy_joules": 2061.5179887816353,
    "cpu_energy_joules": 2061.440420000001,
    "memory_energy_joules": 0.07756878163447886,
    "energy_kwh": 0.0005726438857726764,
    "co2_kg": 0.0002863219428863382,
    "co2_grams": 0.2863219428863382,
    "model_size_bytes": 364960,
    "model_size_mb": 0.348052978515625
  }
}