Model,Avg_F1_Rank,Avg_ROC_AUC_Rank,Avg_Train_Time_Rank,Avg_Inference_Time_Rank,Overall_Rank,F1_Rank_Position,AUC_Rank_Position,Train_Time_Rank_Position,Inference_Time_Rank_Position,Overall_Rank_Position
LogisticRegression,4.714285714285714,5.285714285714286,1.8571428571428572,3.2857142857142856,3.7857142857142856,3.5,7.0,2.0,3.0,1.0
LightGBM,3.7142857142857144,4.857142857142857,5.142857142857143,2.0,3.928571428571429,2.0,5.5,5.0,2.0,2.0
TabPFN,2.1666666666666665,4.5,1.0,9.0,4.166666666666666,1.0,3.0,1.0,9.0,3.0
XGBoost,4.714285714285714,4.857142857142857,4.0,3.857142857142857,4.357142857142857,3.5,5.5,3.0,4.0,4.0
CatBoost,5.571428571428571,4.0,7.285714285714286,1.0,4.464285714285714,6.5,1.0,9.0,1.0,5.0
LinearBoost-L,5.571428571428571,4.714285714285714,4.714285714285714,6.285714285714286,5.321428571428571,6.5,4.0,4.0,7.0,6.0
LinearBoost-K,6.285714285714286,5.857142857142857,6.0,6.142857142857143,6.071428571428571,9.0,8.0,6.0,6.0,7.0
LinearBoost-K-exact,5.857142857142857,4.142857142857143,7.0,7.428571428571429,6.107142857142858,8.0,2.0,8.0,8.0,8.5
RandomForest,5.428571428571429,6.142857142857143,6.857142857142857,6.0,6.107142857142858,5.0,9.0,7.0,5.0,8.5
