{
  "benchmark": {
    "accuracy": 0.8679,
    "description": "ridge classifier at layer 71/125 on Llama-3.1-405B"
  },
  "baselines": {
    "bow": 0.6792452830188679,
    "tfidf": 0.7547169811320755,
    "random": 0.4528301886792453,
    "majority": 0.5094339622641509,
    "sentence_length": 0.5094339622641509,
    "sentence_transformers": 0.7924528301886793,
    "random_direction": 0.4528301886792453,
    "pca": 0.5660377358490566,
    "layer_0": 0.5660377358490566
  },
  "text_only_mode": false,
  "model": "meta-llama/Llama-3.1-8B-Instruct"
}