{
  "LinearBoost": {
    "best_params": {
      "n_estimators": 73,
      "learning_rate": 0.3689614043299937,
      "algorithm": "SAMME",
      "scaler": "robust",
      "kernel": "rbf",
      "gamma": 2.240134816670631
    },
    "f1_mean": 0.945154011734005,
    "f1_std": 0.039178388556826815,
    "f1_median": 0.9435374149659864,
    "f1_q25": 0.915583323320918,
    "f1_q75": 0.9716254460440505,
    "roc_auc_mean": 0.9750173136042701,
    "roc_auc_std": 0.03634511668810794,
    "roc_auc_median": 0.9927536231884058,
    "roc_auc_q25": 0.9628971571906355,
    "roc_auc_q75": 1.0,
    "avg_fit_time": 0.046300480365753176,
    "std_fit_time": 0.007068203647006331,
    "n_evaluations": 300,
    "wall_time": 0.12923462499747984,
    "cpu_time": 0.11956100000000447,
    "memory_peak_mb": 2.700532913208008,
    "memory_used_mb": 1.3292160034179688,
    "memory_increment_mb": 11.671875,
    "system_memory_before_mb": 107.03125,
    "system_memory_after_mb": 118.703125,
    "total_energy_joules": 7.771583241607579,
    "cpu_energy_joules": 7.7714650000002905,
    "memory_energy_joules": 0.00011824160728860158,
    "energy_kwh": 2.158773122668772e-06,
    "co2_kg": 1.079386561334386e-06,
    "co2_grams": 0.001079386561334386,
    "model_size_bytes": 1305535,
    "model_size_mb": 1.2450551986694336
  },
  "XGBoost": {
    "best_params": {
      "n_estimators": 755,
      "max_depth": 8,
      "learning_rate": 0.2350446389457222,
      "gamma": 4.835890100796249e-07,
      "min_child_weight": 1,
      "subsample": 0.7280410743521478,
      "colsample_bytree": 0.9272135292431115,
      "reg_alpha": 1.9250932997637432e-07,
      "reg_lambda": 3.044972754491447e-05
    },
    "f1_mean": 0.9325800214755934,
    "f1_std": 0.04256636408637374,
    "f1_median": 0.9417184265010352,
    "f1_q25": 0.9133342143517906,
    "f1_q75": 0.9711746031746031,
    "roc_auc_mean": 0.9739270632748893,
    "roc_auc_std": 0.029826073786051375,
    "roc_auc_median": 0.9855072463768115,
    "roc_auc_q25": 0.9580419580419581,
    "roc_auc_q75": 0.9965034965034966,
    "avg_fit_time": 0.060427006085713705,
    "std_fit_time": 0.002982233325643304,
    "n_evaluations": 300,
    "wall_time": 0.5178957919997629,
    "cpu_time": 1.9275379999999984,
    "memory_peak_mb": 0.14040756225585938,
    "memory_used_mb": 0.12970352172851562,
    "memory_increment_mb": 16.453125,
    "system_memory_before_mb": 120.765625,
    "system_memory_after_mb": 137.21875,
    "total_energy_joules": 125.29006911166191,
    "cpu_energy_joules": 125.2899699999999,
    "memory_energy_joules": 9.911166201252482e-05,
    "energy_kwh": 3.480279697546164e-05,
    "co2_kg": 1.740139848773082e-05,
    "co2_grams": 0.01740139848773082,
    "model_size_bytes": 562489,
    "model_size_mb": 0.5364313125610352
  },
  "LightGBM": {
    "best_params": {
      "boosting_type": "gbdt",
      "num_leaves": 76,
      "learning_rate": 0.04520586131290079,
      "n_estimators": 161,
      "max_depth": 6,
      "min_child_samples": 17,
      "subsample": 0.6593903879802206,
      "colsample_bytree": 0.954395165470463,
      "reg_alpha": 2.5126316703593007e-08,
      "reg_lambda": 0.00020010580773420486,
      "min_split_gain": 1.763800329766938e-06
    },
    "f1_mean": 0.9379345574136679,
    "f1_std": 0.042303643742317217,
    "f1_median": 0.9428571428571428,
    "f1_q25": 0.9133342143517906,
    "f1_q75": 0.9711746031746031,
    "roc_auc_mean": 0.9742180162832337,
    "roc_auc_std": 0.028556220493021096,
    "roc_auc_median": 0.9843924191750278,
    "roc_auc_q25": 0.958041958041958,
    "roc_auc_q75": 0.9965034965034966,
    "avg_fit_time": 2.1883274857203165,
    "std_fit_time": 0.08164247894943946,
    "n_evaluations": 300,
    "wall_time": 0.29394758300622925,
    "cpu_time": 1.3226439999999968,
    "memory_peak_mb": 1.481797218322754,
    "memory_used_mb": 0.0691537857055664,
    "memory_increment_mb": 6.46875,
    "system_memory_before_mb": 132.625,
    "system_memory_after_mb": 139.09375,
    "total_energy_joules": 85.97257773322734,
    "cpu_energy_joules": 85.9718599999998,
    "memory_energy_joules": 0.000717733227550516,
    "energy_kwh": 2.388127159256315e-05,
    "co2_kg": 1.1940635796281575e-05,
    "co2_grams": 0.011940635796281575,
    "model_size_bytes": 214168,
    "model_size_mb": 0.20424652099609375
  },
  "CatBoost": {
    "best_params": {
      "iterations": 290,
      "depth": 5,
      "learning_rate": 0.030148236454971594,
      "l2_leaf_reg": 3.295506268126134e-08,
      "random_strength": 0.013769951496192737,
      "bagging_temperature": 0.18845340467334454,
      "border_count": 92,
      "grow_policy": "Depthwise",
      "min_data_in_leaf": 52,
      "rsm": 0.5872682950023447
    },
    "f1_mean": 0.9400255220596216,
    "f1_std": 0.0423683197174947,
    "f1_median": 0.9428571428571428,
    "f1_q25": 0.9135238095238096,
    "f1_q75": 0.9711746031746031,
    "roc_auc_mean": 0.9724092936049457,
    "roc_auc_std": 0.03018517886636848,
    "roc_auc_median": 0.9825174825174825,
    "roc_auc_q25": 0.9565217391304348,
    "roc_auc_q75": 0.9965415019762847,
    "avg_fit_time": 0.16607750177383424,
    "std_fit_time": 0.020608596461534692,
    "n_evaluations": 300,
    "wall_time": 0.15534512500744313,
    "cpu_time": 1.0599380000000025,
    "memory_peak_mb": 0.09496307373046875,
    "memory_used_mb": 0.057448387145996094,
    "memory_increment_mb": 17.25,
    "system_memory_before_mb": 140.453125,
    "system_memory_after_mb": 157.703125,
    "total_energy_joules": 68.89600686095125,
    "cpu_energy_joules": 68.89597000000016,
    "memory_energy_joules": 3.6860951090231626e-05,
    "energy_kwh": 1.9137779683597568e-05,
    "co2_kg": 9.568889841798784e-06,
    "co2_grams": 0.009568889841798784,
    "model_size_bytes": 123974,
    "model_size_mb": 0.11823081970214844
  }
}