{
  "LinearBoost": {
    "best_params": {
      "n_estimators": 153,
      "learning_rate": 0.16895478434497882,
      "algorithm": "SAMME",
      "scaler": "minmax",
      "kernel": "rbf",
      "gamma": 2.3133335333151392
    },
    "f1_mean": 0.9494152935645562,
    "f1_std": 0.0372031306292431,
    "f1_median": 0.9437562437562438,
    "f1_q25": 0.91697735941922,
    "f1_q75": 0.9716825396825397,
    "roc_auc_mean": 0.9765843637039291,
    "roc_auc_std": 0.03559747746446716,
    "roc_auc_median": 0.993006993006993,
    "roc_auc_q25": 0.9748467112597546,
    "roc_auc_q75": 1.0,
    "avg_fit_time": 0.07295201063156127,
    "std_fit_time": 0.014341651670565654,
    "n_evaluations": 300,
    "wall_time": 0.23113216701312922,
    "cpu_time": 0.21749200000000002,
    "memory_peak_mb": 3.4991445541381836,
    "memory_used_mb": 2.127767562866211,
    "memory_increment_mb": 17.734375,
    "system_memory_before_mb": 103.28125,
    "system_memory_after_mb": 121.015625,
    "total_energy_joules": 14.137258699687758,
    "cpu_energy_joules": 14.136980000000001,
    "memory_energy_joules": 0.0002786996877570637,
    "energy_kwh": 3.927016305468822e-06,
    "co2_kg": 1.963508152734411e-06,
    "co2_grams": 0.0019635081527344107,
    "model_size_bytes": 1544342,
    "model_size_mb": 1.472799301147461
  },
  "XGBoost": {
    "best_params": {
      "n_estimators": 417,
      "max_depth": 3,
      "learning_rate": 0.190450179831343,
      "gamma": 3.892755039997485e-06,
      "min_child_weight": 1,
      "subsample": 0.9763608618700139,
      "colsample_bytree": 0.5571110776185503,
      "reg_alpha": 1.9251607480544657e-08,
      "reg_lambda": 4.864796950415365e-07
    },
    "f1_mean": 0.9352908455629201,
    "f1_std": 0.04281207251589279,
    "f1_median": 0.9417184265010352,
    "f1_q25": 0.9114312144839434,
    "f1_q75": 0.9711746031746031,
    "roc_auc_mean": 0.9755150163845815,
    "roc_auc_std": 0.027028403511640417,
    "roc_auc_median": 0.9855072463768116,
    "roc_auc_q25": 0.9600752508361203,
    "roc_auc_q75": 0.9965034965034966,
    "avg_fit_time": 0.03625401020050049,
    "std_fit_time": 0.000911276380058138,
    "n_evaluations": 300,
    "wall_time": 0.372090708988253,
    "cpu_time": 1.4500850000000014,
    "memory_peak_mb": 0.14157485961914062,
    "memory_used_mb": 0.13087081909179688,
    "memory_increment_mb": 9.484375,
    "system_memory_before_mb": 123.84375,
    "system_memory_after_mb": 133.328125,
    "total_energy_joules": 94.25560018148703,
    "cpu_energy_joules": 94.25552500000009,
    "memory_energy_joules": 7.518148693023257e-05,
    "energy_kwh": 2.6182111161524173e-05,
    "co2_kg": 1.3091055580762087e-05,
    "co2_grams": 0.013091055580762087,
    "model_size_bytes": 338668,
    "model_size_mb": 0.3229789733886719
  },
  "LightGBM": {
    "best_params": {
      "boosting_type": "gbdt",
      "num_leaves": 76,
      "learning_rate": 0.01654749737941078,
      "n_estimators": 532,
      "max_depth": 14,
      "min_child_samples": 12,
      "subsample": 0.9686025519422791,
      "colsample_bytree": 0.7982764508343005,
      "reg_alpha": 0.0002991704517013984,
      "reg_lambda": 8.809800310049351e-08,
      "min_split_gain": 0.00031222896761586976
    },
    "f1_mean": 0.9394617194458257,
    "f1_std": 0.04257781216810589,
    "f1_median": 0.9428571428571428,
    "f1_q25": 0.9134764107308049,
    "f1_q75": 0.9711746031746031,
    "roc_auc_mean": 0.9768789061180367,
    "roc_auc_std": 0.026483138648922756,
    "roc_auc_median": 0.986013986013986,
    "roc_auc_q25": 0.9647182527617311,
    "roc_auc_q75": 1.0,
    "avg_fit_time": 10.549775760968526,
    "std_fit_time": 0.2224228225857926,
    "n_evaluations": 300,
    "wall_time": 1.364007791999029,
    "cpu_time": 6.345536000000003,
    "memory_peak_mb": 2.839327812194824,
    "memory_used_mb": 0.06980037689208984,
    "memory_increment_mb": 16.65625,
    "system_memory_before_mb": 121.90625,
    "system_memory_after_mb": 138.5625,
    "total_energy_joules": 412.4664380432795,
    "cpu_energy_joules": 412.45984000000016,
    "memory_energy_joules": 0.006598043279327455,
    "energy_kwh": 0.00011457401056757763,
    "co2_kg": 5.728700528378882e-05,
    "co2_grams": 0.057287005283788814,
    "model_size_bytes": 925552,
    "model_size_mb": 0.8826751708984375
  },
  "CatBoost": {
    "best_params": {
      "iterations": 477,
      "depth": 7,
      "learning_rate": 0.006401313598413765,
      "l2_leaf_reg": 0.00012601102621405147,
      "random_strength": 0.03260665911927812,
      "bagging_temperature": 4.846891338201349,
      "border_count": 220,
      "grow_policy": "Lossguide",
      "min_data_in_leaf": 77,
      "rsm": 0.618587335849662
    },
    "f1_mean": 0.9387467487499793,
    "f1_std": 0.044819215264754235,
    "f1_median": 0.9428571428571428,
    "f1_q25": 0.9135238095238096,
    "f1_q75": 0.9711746031746031,
    "roc_auc_mean": 0.9677980473632649,
    "roc_auc_std": 0.035002805748134566,
    "roc_auc_median": 0.9818840579710144,
    "roc_auc_q25": 0.947286409242931,
    "roc_auc_q75": 0.9974916387959867,
    "avg_fit_time": 0.44975576480229695,
    "std_fit_time": 0.06572149812620677,
    "n_evaluations": 300,
    "wall_time": 0.275226500001736,
    "cpu_time": 2.5571259999999967,
    "memory_peak_mb": 0.09779930114746094,
    "memory_used_mb": 0.06027793884277344,
    "memory_increment_mb": 18.390625,
    "system_memory_before_mb": 139.9375,
    "system_memory_after_mb": 158.328125,
    "total_energy_joules": 166.2132815839118,
    "cpu_energy_joules": 166.21318999999977,
    "memory_energy_joules": 9.158391201635811e-05,
    "energy_kwh": 4.6170355995531055e-05,
    "co2_kg": 2.3085177997765527e-05,
    "co2_grams": 0.02308517799776553,
    "model_size_bytes": 199558,
    "model_size_mb": 0.19031333923339844
  }
}