{
  "friedman_f1": {
    "statistic": 85.4339378238341,
    "p_value": 2.0941529778011408e-18,
    "significant": 