{
  "LinearBoost": {
    "best_params": {
      "n_estimators": 199,
      "learning_rate": 0.12208554568421101,
      "algorithm": "SAMME",
      "scaler": "standard",
      "kernel": "rbf",
      "gamma": 2.4520159423833934
    },
    "f1_mean": 0.949838879137637,
    "f1_std": 0.037453851955551586,
    "f1_median": 0.9437562437562438,
    "f1_q25": 0.91697735941922,
    "f1_q75": 0.9716825396825397,
    "roc_auc_mean": 0.9794362099253404,
    "roc_auc_std": 0.03083263289343465,
    "roc_auc_median": 0.993006993006993,
    "roc_auc_q25": 0.9720279720279721,
    "roc_auc_q75": 1.0,
    "avg_fit_time": 0.10111744403839111,
    "std_fit_time": 0.02989649004372182,
    "n_evaluations": 300,
    "wall_time": 0.38365608401363716,
    "cpu_time": 0.373467999999999,
    "memory_peak_mb": 3.6805315017700195,
    "memory_used_mb": 2.3090248107910156,
    "memory_increment_mb": 17.40625,
    "system_memory_before_mb": 111.4375,
    "system_memory_after_mb": 128.84375,
    "total_energy_joules": 24.27592337917678,
    "cpu_energy_joules": 24.275419999999936,
    "memory_energy_joules": 0.0005033791768443757,
    "energy_kwh": 6.743312049771328e-06,
    "co2_kg": 3.371656024885664e-06,
    "co2_grams": 0.003371656024885664,
    "model_size_bytes": 1683874,
    "model_size_mb": 1.6058673858642578
  },
  "XGBoost": {
    "best_params": {
      "n_estimators": 651,
      "max_depth": 8,
      "learning_rate": 0.017207313152581602,
      "gamma": 0.032670827579259556,
      "min_child_weight": 2,
      "subsample": 0.5868080582178024,
      "colsample_bytree": 0.5166450532494969,
      "reg_alpha": 0.00010382821691539389,
      "reg_lambda": 0.0005104060081927381
    },
    "f1_mean": 0.9352013604750758,
    "f1_std": 0.04398358440194764,
    "f1_median": 0.9417184265010352,
    "f1_q25": 0.9133342143517906,
    "f1_q75": 0.9711746031746031,
    "roc_auc_mean": 0.9720493395493395,
    "roc_auc_std": 0.03019126009294869,
    "roc_auc_median": 0.9822007702442486,
    "roc_auc_q25": 0.9531075808249722,
    "roc_auc_q75": 0.9965034965034966,
    "avg_fit_time": 0.191993305683136,
    "std_fit_time": 0.02476976839741205,
    "n_evaluations": 300,
    "wall_time": 1.106353457988007,
    "cpu_time": 4.683336000000001,
    "memory_peak_mb": 0.141815185546875,
    "memory_used_mb": 0.13111305236816406,
    "memory_increment_mb": 12.265625,
    "system_memory_before_mb": 133.6875,
    "system_memory_after_mb": 145.953125,
    "total_energy_joules": 304.41708322564597,
    "cpu_energy_joules": 304.41684000000004,
    "memory_energy_joules": 0.000243225645929575,
    "energy_kwh": 8.456030089601277e-05,
    "co2_kg": 4.2280150448006384e-05,
    "co2_grams": 0.042280150448006384,
    "model_size_bytes": 626107,
    "model_size_mb": 0.597102165222168
  },
  "LightGBM": {
    "best_params": {
      "boosting_type": "gbdt",
      "num_leaves": 78,
      "learning_rate": 0.017463374516656957,
      "n_estimators": 576,
      "max_depth": 12,
      "min_child_samples": 8,
      "subsample": 0.8150110405302524,
      "colsample_bytree": 0.9967047312919812,
      "reg_alpha": 4.7746434834477466e-08,
      "reg_lambda": 1.2045505626620466e-07,
      "min_split_gain": 0.00024520741069136384
    },
    "f1_mean": 0.9382782684448839,
    "f1_std": 0.04102398023868583,
    "f1_median": 0.9428571428571428,
    "f1_q25": 0.9133342143517906,
    "f1_q75": 0.9711746031746031,
    "roc_auc_mean": 0.975998023715415,
    "roc_auc_std": 0.02751856346125817,
    "roc_auc_median": 0.986013986013986,
    "roc_auc_q25": 0.963768115942029,
    "roc_auc_q75": 0.9965415019762847,
    "avg_fit_time": 290.20284244060514,
    "std_fit_time": 429.3510490919893,
    "n_evaluations": 300,
    "wall_time": 1.6867545830027666,
    "cpu_time": 7.8935010000000005,
    "memory_peak_mb": 3.378678321838379,
    "memory_used_mb": 0.07285594940185547,
    "memory_increment_mb": 28.1875,
    "system_memory_before_mb": 88.796875,
    "system_memory_after_mb": 116.984375,
    "total_energy_joules": 513.0873316994796,
    "cpu_energy_joules": 513.077565,
    "memory_energy_joules": 0.009766699479532312,
    "energy_kwh": 0.000142524258805411,
    "co2_kg": 7.12621294027055e-05,
    "co2_grams": 0.07126212940270549,
    "model_size_bytes": 1154627,
    "model_size_mb": 1.1011381149291992
  },
  "CatBoost": {
    "best_params": {
      "iterations": 274,
      "depth": 7,
      "learning_rate": 0.0077421446629425605,
      "l2_leaf_reg": 2.0675945036029105e-07,
      "random_strength": 0.0005904287219494376,
      "bagging_temperature": 0.22602862369617033,
      "border_count": 246,
      "grow_policy": "Lossguide",
      "min_data_in_leaf": 84,
      "rsm": 0.2690979646009199
    },
    "f1_mean": 0.9395468195775425,
    "f1_std": 0.04280593927754294,
    "f1_median": 0.9428571428571428,
    "f1_q25": 0.9135238095238096,
    "f1_q75": 0.9711746031746031,
    "roc_auc_mean": 0.9700744907266647,
    "roc_auc_std": 0.03168786661315004,
    "roc_auc_median": 0.9825174825174826,
    "roc_auc_q25": 0.9475524475524475,
    "roc_auc_q75": 0.9966555183946488,
    "avg_fit_time": 0.2561009216308594,
    "std_fit_time": 0.02995265839826449,
    "n_evaluations": 300,
    "wall_time": 0.22596720801084302,
    "cpu_time": 1.970729999999996,
    "memory_peak_mb": 0.09724044799804688,
    "memory_used_mb": 0.05699443817138672,
    "memory_increment_mb": 20.546875,
    "system_memory_before_mb": 105.59375,
    "system_memory_after_mb": 126.140625,
    "total_energy_joules": 128.09752017871122,
    "cpu_energy_joules": 128.09744999999975,
    "memory_energy_joules": 7.017871145624654e-05,
    "energy_kwh": 3.558264449408645e-05,
    "co2_kg": 1.7791322247043224e-05,
    "co2_grams": 0.017791322247043224,
    "model_size_bytes": 114062,
    "model_size_mb": 0.10877799987792969
  }
}