{
  "type": "quantum_epr_result",
  "epr": {
    "chi": [
      [
        -1.7763568394002504e-21,
        -0.0
      ],
      [
        -0.0,
        -3.552713678800501e-21
      ]
    ],
    "frequencies": [
      3.8352884680385e-09,
      6.656528744616771e-09
    ],
    "chi_unit": "MHz",
    "frequencies_unit": "GHz"
  },
  "distributed": {
    "junctions_infos": [
      {
        "info": {
          "line_name": "transmon_junction_line",
          "inductance_variable_name": "junction_inductance"
        },
        "inductance": {
          "value": 1e-08,
          "unit": "H"
        },
        "capacitance": {
          "value": 2e-15,
          "unit": ""
        }
      }
    ],
    "labels_to_modes": {
      "transmon": 1,
      "readout": 2
    },
    "labels_order": [
      "transmon",
      "readout"
    ],
    "frequencies": [
      3.8352884680385,
      6.65652874461677
    ],
    "quality_factors": [
      0.0,
      0.0
    ],
    "inductances": [
      1e-08
    ],
    "capacitances": [
      2e-15
    ],
    "participation_ratio_induction": [
      [
        9.502677546442141e+17
      ],
      [
        1.0374284017908752e+16
      ]
    ],
    "participation_ratio_capacitance": [
      [
        0.011036510841403094
      ],
      [
        0.00036294723265830996
      ]
    ],
    "sign": [
      [
        1.0
      ],
      [
        1.0
      ]
    ],
    "peak_currents": [
      [
        8.296258203950849
      ],
      [
        4.766073592796929
      ]
    ],
    "peak_voltages": [
      [
        1.999218044965817e-06
      ],
      [
        1.9933723234152722e-06
      ]
    ],
    "inductance_energy": [
      [
        3.441395009331088e-07
      ],
      [
        1.1357728745978115e-07
      ]
    ],
    "capacitance_energy": [
      [
        3.9968727913169445e-27
      ],
      [
        3.973533219758001e-27
      ]
    ],
    "total_inductance_energy": [
      3.441395009331088e-07,
      1.1357728745978116e-07
    ],
    "total_capacitance_energy": [
      3.62150035346571e-25,
      1.0947963952376547e-23
    ],
    "peak_total_magnetic_energy": [
      1.3662408868621883e-26,
      1.083029458370809e-23
    ],
    "peak_total_electric_energy": [
      3.5815316255525403e-25,
      1.094399041915679e-23
    ],
    "norm": [
      3.62150035346571e-25,
      1.0947963952376547e-23
    ],
    "diff": [
      -1.0,
      -0.9999999999999998
    ]
  },
  "eigenmode_result": {
    "type": "eigenmode_result",
    "results": {
      "0": {
        "mode_number": 0,
        "quality_factor": 0.0,
        "frequency": {
          "value": 3.8352884680385,
          "unit": "ghz"
        },
        "label": "transmon"
      },
      "1": {
        "mode_number": 1,
        "quality_factor": 0.0,
        "frequency": {
          "value": 6.65652874461677,
          "unit": "ghz"
        },
        "label": "readout"
      }
    },
    "frequencies_unit": "GHz",
    "profile": {
      "total_time_min": 0,
      "memory": ""
    }
  }
}