{
  "breizhcrops": {
    "sentinel2_l2a": {
      "01 - Coastal aerosol": {
        "max": 1.5837817192077637,
        "min": 9.999999747378752e-05
      },
      "02 - Blue": {
        "max": 2.297010898590088,
        "min": 0.02552894316613674
      },
      "03 - Green": {
        "max": 2.372464179992676,
        "min": 0.02212270349264145
      },
      "04 - Red": {
        "max": 1.5052449703216553,
        "min": 9.999999747378752e-05
      },
      "05 - Vegetation Red Edge": {
        "max": 0.8805046081542969,
        "min": 0.00036050420021638274
      },
      "06 - Vegetation Red Edge": {
        "max": 1.4607253074645996,
        "min": 0.0056096026673913
      },
      "07 - Vegetation Red Edge": {
        "max": 1.0844439268112183,
        "min": 0.001366666634567082
      },
      "08 - NIR": {
        "max": 1.7317609786987305,
        "min": 0.06511551141738892
      },
      "08A - Vegetation Red Edge": {
        "max": 1.757254719734192,
        "min": 0.043631017208099365
      },
      "09 - Water vapour": {
        "max": 2.0996997356414795,
        "min": 0.024099353700876236
      },
      "10 - SWIR - Cirrus": {
        "max": 2.1980061531066895,
        "min": 0.024422578513622284
      },
      "11 - SWIR": {
        "max": 2.2519309520721436,
        "min": 0.03114842064678669
      },
      "12 - SWIR": {
        "max": 2.32584285736084,
        "min": 0.01931280829012394
      }
    }
  },
  "mados": {
    "sentinel2_l2a": {
      "01 - Coastal aerosol": {
        "max": 0.7840737104415894,
        "min": 0.01632598415017128
      },
      "02 - Blue": {
        "max": 0.7967689037322998,
        "min": 0.00860124733299017
      },
      "03 - Green": {
        "max": 1.510464072227478,
        "min": 0.002034253440797329
      },
      "04 - Red": {
        "max": 1.9531464576721191,
        "min": -0.0014456997159868479
      },
      "05 - Vegetation Red Edge": {
        "max": 1.5892995595932007,
        "min": -0.004665287211537361
      },
      "06 - Vegetation Red Edge": {
        "max": 2.1147849559783936,
        "min": -0.003888914827257395
      },
      "07 - Vegetation Red Edge": {
        "max": 2.640270233154297,
        "min": -0.0031503422651439905
      },
      "08 - NIR": {
        "max": 2.3779959678649902,
        "min": -0.007095776963979006
      },
      "08A - Vegetation Red Edge": {
        "max": 2.4624695777893066,
        "min": -0.0018839773256331682
      },
      "09 - Water vapour": {
        "max": 2.4624695777893066,
        "min": -0.0018839773256331682
      },
      "10 - SWIR - Cirrus": {
        "max": 1.9261047840118408,
        "min": -0.000539120810572058
      },
      "11 - SWIR": {
        "max": 1.4288651943206787,
        "min": -0.00024337049399036914
      },
      "12 - SWIR": {
        "max": 1.3433334827423096,
        "min": -5.886760482098907e-05
      }
    }
  },
  "pastis": {
    "sentinel1": {
      "vh": {
        "max": 27.17708396911621,
        "min": -41.1875
      },
      "vv": {
        "max": 31.7578125,
        "min": -32.25
      }
    },
    "sentinel2_l2a": {
      "01 - Coastal aerosol": {
        "max": 17369.0,
        "min": -1960.0
      },
      "02 - Blue": {
        "max": 17369.0,
        "min": -1960.0
      },
      "03 - Green": {
        "max": 16374.5,
        "min": -1851.0
      },
      "04 - Red": {
        "max": 16553.0,
        "min": -1945.5999755859375
      },
      "05 - Vegetation Red Edge": {
        "max": 15202.5,
        "min": -1938.0
      },
      "06 - Vegetation Red Edge": {
        "max": 15281.5,
        "min": -1964.800048828125
      },
      "07 - Vegetation Red Edge": {
        "max": 15599.0,
        "min": -1961.5999755859375
      },
      "08 - NIR": {
        "max": 15640.5,
        "min": -2012.4000244140625
      },
      "08A - Vegetation Red Edge": {
        "max": 16068.0,
        "min": -1993.800048828125
      },
      "09 - Water vapour": {
        "max": 16068.0,
        "min": -1993.800048828125
      },
      "10 - SWIR - Cirrus": {
        "max": 13522.5,
        "min": -1953.4000244140625
      },
      "11 - SWIR": {
        "max": 13522.5,
        "min": -1953.4000244140625
      },
      "12 - SWIR": {
        "max": 13749.0,
        "min": -1950.0
      }
    }
  },
  "pastis128": {
    "sentinel1": {
      "vh": {
        "max": 27.17708396911621,
        "min": -41.1875
      },
      "vv": {
        "max": 31.7578125,
        "min": -32.25
      }
    },
    "sentinel2_l2a": {
      "01 - Coastal aerosol": {
        "max": 17369.0,
        "min": -1960.0
      },
      "02 - Blue": {
        "max": 17369.0,
        "min": -1960.0
      },
      "03 - Green": {
        "max": 16374.5,
        "min": -1851.0
      },
      "04 - Red": {
        "max": 16553.0,
        "min": -1945.5999755859375
      },
      "05 - Vegetation Red Edge": {
        "max": 15202.5,
        "min": -1938.0
      },
      "06 - Vegetation Red Edge": {
        "max": 15281.5,
        "min": -1964.800048828125
      },
      "07 - Vegetation Red Edge": {
        "max": 15599.0,
        "min": -1961.5999755859375
      },
      "08 - NIR": {
        "max": 15640.5,
        "min": -2012.4000244140625
      },
      "08A - Vegetation Red Edge": {
        "max": 16068.0,
        "min": -1993.800048828125
      },
      "09 - Water vapour": {
        "max": 16068.0,
        "min": -1993.800048828125
      },
      "10 - SWIR - Cirrus": {
        "max": 13522.5,
        "min": -1953.4000244140625
      },
      "11 - SWIR": {
        "max": 13522.5,
        "min": -1953.4000244140625
      },
      "12 - SWIR": {
        "max": 13749.0,
        "min": -1950.0
      }
    }
  },
  "sen1floods11": {
    "sentinel1": {
      "vh": {
        "max": 17.376384735107422,
        "min": -71.63967895507812
      },
      "vv": {
        "max": 29.926393508911133,
        "min": -61.35483932495117
      }
    }
  }
}
