{
  "landsat": {
    "B1": {
      "max": 25601.0,
      "mean": 9379.7107210557,
      "min": 8260.0,
      "std": 780.3336456840683
    },
    "B10": {
      "max": 35482.0,
      "mean": 26755.633165645962,
      "min": 18317.0,
      "std": 2698.619181039052
    },
    "B11": {
      "max": 31850.0,
      "mean": 25535.40780839895,
      "min": 16895.0,
      "std": 1991.649989386166
    },
    "B2": {
      "max": 26122.0,
      "mean": 8724.546879556721,
      "min": 7469.0,
      "std": 829.1936507062597
    },
    "B3": {
      "max": 26304.0,
      "mean": 8610.232283464567,
      "min": 6801.0,
      "std": 861.5827035326289
    },
    "B4": {
      "max": 27430.0,
      "mean": 8287.431138815982,
      "min": 6112.0,
      "std": 1185.5581601806484
    },
    "B5": {
      "max": 34387.0,
      "mean": 17180.40627734033,
      "min": 8025.0,
      "std": 2361.2981069282087
    },
    "B6": {
      "max": 32693.0,
      "mean": 13541.150317147856,
      "min": 5860.0,
      "std": 2139.0667563824836
    },
    "B7": {
      "max": 27384.0,
      "mean": 10075.13768591426,
      "min": 5373.0,
      "std": 1904.606635977206
    },
    "B8": {
      "max": 29074.0,
      "mean": 8395.084117089531,
      "min": 6381.0,
      "std": 995.9540468481421
    },
    "B9": {
      "max": 8618.0,
      "mean": 5165.969533756197,
      "min": 5020.0,
      "std": 311.67658081752825
    }
  },
  "sentinel1": {
    "vh": {
      "max": -1.0868878364562988,
      "mean": -14.719725209723133,
      "min": -100.0,
      "std": 4.971725173272332
    },
    "vv": {
      "max": 7.597310543060303,
      "mean": -8.890523345938366,
      "min": -100.0,
      "std": 5.308408257135752
    }
  },
  "sentinel2_l2a": {
    "B01": {
      "max": 10850.0,
      "mean": 403.1796715514727,
      "min": 78.0,
      "std": 566.0675605935284
    },
    "B02": {
      "max": 10880.0,
      "mean": 463.7226927037766,
      "min": 3.0,
      "std": 557.1710225051067
    },
    "B03": {
      "max": 10144.0,
      "mean": 732.4147289206037,
      "min": 77.0,
      "std": 519.1713263316893
    },
    "B04": {
      "max": 9808.0,
      "mean": 665.9348525444736,
      "min": 41.0,
      "std": 559.1256833860015
    },
    "B05": {
      "max": 10324.0,
      "mean": 1195.9982912292214,
      "min": 171.0,
      "std": 537.4814320217491
    },
    "B06": {
      "max": 10363.0,
      "mean": 2523.4694745188103,
      "min": 292.0,
      "std": 628.8489446523887
    },
    "B07": {
      "max": 10308.0,
      "mean": 2961.302055993001,
      "min": 333.0,
      "std": 717.7175421404662
    },
    "B08": {
      "max": 10536.0,
      "mean": 3010.526310513269,
      "min": 309.0,
      "std": 751.724060847986
    },
    "B09": {
      "max": 15838.0,
      "mean": 3216.1860236220473,
      "min": 381.0,
      "std": 833.4856255138584
    },
    "B11": {
      "max": 9001.0,
      "mean": 2183.4106517935256,
      "min": 311.0,
      "std": 608.633368884526
    },
    "B12": {
      "max": 7394.0,
      "mean": 1331.0747074584426,
      "min": 123.0,
      "std": 566.438347892253
    },
    "B8A": {
      "max": 10247.0,
      "mean": 3200.9852453339167,
      "min": 340.0,
      "std": 726.3171543897772
    }
  }
}
