{
  "LinearBoost": {
    "best_params": {
      "n_estimators": 359,
      "learning_rate": 0.3795298913315108,
      "algorithm": "SAMME.R",
      "scaler": "robust",
      "kernel": "linear"
    },
    "f1_mean": 0.9728864185627839,
    "f1_std": 0.023557565066084956,
    "f1_median": 0.9823623542652152,
    "f1_q25": 0.9645092460881936,
    "f1_q75": 0.982536590411502,
    "roc_auc_mean": 0.9926760003664765,
    "roc_auc_std": 0.010429097799131665,
    "roc_auc_median": 0.9973544973544973,
    "roc_auc_q25": 0.9894179894179894,
    "roc_auc_q75": 1.0,
    "avg_fit_time": 0.016990203062693277,
    "std_fit_time": 0.02511943323929152,
    "n_evaluations": 300,
    "wall_time": 0.024480540974764153,
    "cpu_time": 0.024474000001646345,
    "memory_peak_mb": 0.6638698577880859,
    "memory_used_mb": 0.17479991912841797,
    "memory_increment_mb": 0.28125,
    "system_memory_before_mb": 1854.796875,
    "system_memory_after_mb": 1855.078125,
    "total_energy_joules": 1.5908159501378598,
    "cpu_energy_joules": 1.5908100001070125,
    "memory_energy_joules": 5.950030847387173e-06,
    "energy_kwh": 4.418933194827388e-07,
    "co2_kg": 2.209466597413694e-07,
    "co2_grams": 0.0002209466597413694,
    "model_size_bytes": 153461,
    "model_size_mb": 0.14635181427001953
  },
  "XGBoost": {
    "best_params": {
      "n_estimators": 879,
      "max_depth": 20,
      "learning_rate": 0.1639925988869187,
      "gamma": 1.6472356866267098e-08,
      "min_child_weight": 1,
      "subsample": 0.8307190205911951,
      "colsample_bytree": 0.5516753346130236,
      "reg_alpha": 1.0885181207927333e-07,
      "reg_lambda": 0.0001287564346526646
    },
    "f1_mean": 0.9684448112793461,
    "f1_std": 0.022588472169764638,
    "f1_median": 0.9649122807017544,
    "f1_q25": 0.9476097712345061,
    "f1_q75": 0.9823756902902523,
    "roc_auc_mean": 0.9931978400787924,
    "roc_auc_std": 0.009318348838915164,
    "roc_auc_median": 0.9973544973544973,
    "roc_auc_q25": 0.9894179894179894,
    "roc_auc_q75": 1.0,
    "avg_fit_time": 0.4636287005742391,
    "std_fit_time": 0.007885370958717912,
    "n_evaluations": 300,
    "wall_time": 0.5636607909982558,
    "cpu_time": 2.145473000000493,
    "memory_peak_mb": 0.06730842590332031,
    "memory_used_mb": 0.043059349060058594,
    "memory_increment_mb": 0.0,
    "system_memory_before_mb": 1998.328125,
    "system_memory_after_mb": 1998.328125,
    "total_energy_joules": 139.4557978839714,
    "cpu_energy_joules": 139.45574500003204,
    "memory_energy_joules": 5.288393937308625e-05,
    "energy_kwh": 3.87377216344365e-05,
    "co2_kg": 1.936886081721825e-05,
    "co2_grams": 0.01936886081721825,
    "model_size_bytes": 657807,
    "model_size_mb": 0.6273336410522461
  },
  "LightGBM": {
    "best_params": {
      "boosting_type": "gbdt",
      "num_leaves": 208,
      "learning_rate": 0.24512695813471463,
      "n_estimators": 552,
      "max_depth": 2,
      "min_child_samples": 7,
      "subsample": 0.8503952156501743,
      "colsample_bytree": 0.7313652463684749,
      "reg_alpha": 9.172349898180633e-07,
      "reg_lambda": 1.312951429564805e-07,
      "min_split_gain": 5.104546984300114e-07
    },
    "f1_mean": 0.9690638831659428,
    "f1_std": 0.021981015284578003,
    "f1_median": 0.9649122807017544,
    "f1_q25": 0.9642857142857143,
    "f1_q75": 0.9823756902902523,
    "roc_auc_mean": 0.9951999702237797,
    "roc_auc_std": 0.006123864735832369,
    "roc_auc_median": 0.9973544973544973,
    "roc_auc_q25": 0.9920634920634921,
    "roc_auc_q75": 1.0,
    "avg_fit_time": 0.19100967168807984,
    "std_fit_time": 0.012261498148777564,
    "n_evaluations": 300,
    "wall_time": 0.2156597500143107,
    "cpu_time": 0.9413940000013099,
    "memory_peak_mb": 1.3697319030761719,
    "memory_used_mb": 0.011471748352050781,
    "memory_increment_mb": -18.6875,
    "system_memory_before_mb": 2017.328125,
    "system_memory_after_mb": 1998.640625,
    "total_energy_joules": 61.191082213486695,
    "cpu_energy_joules": 61.190610000085144,
    "memory_energy_joules": 0.0004722134015501528,
    "energy_kwh": 1.6997522837079637e-05,
    "co2_kg": 8.498761418539819e-06,
    "co2_grams": 0.008498761418539818,
    "model_size_bytes": 183436,
    "model_size_mb": 0.17493820190429688
  },
  "CatBoost": {
    "best_params": {
      "iterations": 299,
      "depth": 1,
      "learning_rate": 0.2128108931231285,
      "l2_leaf_reg": 8.456035762726636e-06,
      "random_strength": 3.1895938150586365,
      "bagging_temperature": 5.454331220354885,
      "border_count": 169,
      "grow_policy": "Lossguide",
      "min_data_in_leaf": 55,
      "rsm": 0.4405853229302168
    },
    "f1_mean": 0.973811417038545,
    "f1_std": 0.021110057555269818,
    "f1_median": 0.9823623542652152,
    "f1_q25": 0.9645092460881936,
    "f1_q75": 0.982536590411502,
    "roc_auc_mean": 0.9940160218969742,
    "roc_auc_std": 0.008339509789298434,
    "roc_auc_median": 0.9986772486772486,
    "roc_auc_q25": 0.9906746031746032,
    "roc_auc_q75": 1.0,
    "avg_fit_time": 0.05274494250615438,
    "std_fit_time": 0.0015188159987054193,
    "n_evaluations": 300,
    "wall_time": 0.05549950001295656,
    "cpu_time": 0.6551820000022417,
    "memory_peak_mb": 0.08124065399169922,
    "memory_used_mb": 0.04358863830566406,
    "memory_increment_mb": 0.203125,
    "system_memory_before_mb": 1978.59375,
    "system_memory_after_mb": 1978.796875,
    "total_energy_joules": 42.58684949260695,
    "cpu_energy_joules": 42.58683000014571,
    "memory_energy_joules": 1.9492461241615576e-05,
    "energy_kwh": 1.1829680414613043e-05,
    "co2_kg": 5.914840207306521e-06,
    "co2_grams": 0.005914840207306521,
    "model_size_bytes": 50361,
    "model_size_mb": 0.048027992248535156
  }
}