{
  "LinearBoost": {
    "best_params": {
      "n_estimators": 155,
      "learning_rate": 0.268718277991248,
      "algorithm": "SAMME.R",
      "scaler": "minmax",
      "kernel": "rbf",
      "gamma": 0.0024954754097919266
    },
    "f1_mean": 0.7567176940741853,
    "f1_std": 0.05524423688904637,
    "f1_median": 0.7559244878832507,
    "f1_q25": 0.7281044018198167,
    "f1_q75": 0.7902489667195549,
    "roc_auc_mean": 0.8194458689458689,
    "roc_auc_std": 0.06071434364934841,
    "roc_auc_median": 0.8255555555555556,
    "roc_auc_q25": 0.794074074074074,
    "roc_auc_q75": 0.8561538461538462,
    "avg_fit_time": 0.03818331321080526,
    "std_fit_time": 0.017321101245449416,
    "n_evaluations": 300,
    "wall_time": 0.06455175000155577,
    "cpu_time": 0.06507299999793759,
    "memory_peak_mb": 10.718900680541992,
    "memory_used_mb": 4.726047515869141,
    "memory_increment_mb": 0.796875,
    "system_memory_before_mb": 350.0625,
    "system_memory_after_mb": 350.859375,
    "total_energy_joules": 4.230000436031945,
    "cpu_energy_joules": 4.229744999865943,
    "memory_energy_joules": 0.0002554361660020028,
    "energy_kwh": 1.1750001211199849e-06,
    "co2_kg": 5.875000605599924e-07,
    "co2_grams": 0.0005875000605599924,
    "model_size_bytes": 4924668,
    "model_size_mb": 4.696529388427734
  },
  "XGBoost": {
    "best_params": {
      "n_estimators": 562,
      "max_depth": 11,
      "learning_rate": 0.017801820672498594,
      "gamma": 1.217540403792363e-06,
      "min_child_weight": 9,
      "subsample": 0.5213335273358494,
      "colsample_bytree": 0.7182190843317585,
      "reg_alpha": 0.00014900711466731066,
      "reg_lambda": 0.03907131048432325
    },
    "f1_mean": 0.7576111989023747,
    "f1_std": 0.048042394076878346,
    "f1_median": 0.7582394021073267,
    "f1_q25": 0.7272936403371186,
    "f1_q75": 0.7878921078921078,
    "roc_auc_mean": 0.8286214624881292,
    "roc_auc_std": 0.04599413067105859,
    "roc_auc_median": 0.8314814814814815,
    "roc_auc_q25": 0.7985185185185185,
    "roc_auc_q75": 0.8607478632478632,
    "avg_fit_time": 0.7249327317873637,
    "std_fit_time": 0.01269130935538681,
    "n_evaluations": 300,
    "wall_time": 0.8112362909996591,
    "cpu_time": 3.6089109999993525,
    "memory_peak_mb": 0.03778266906738281,
    "memory_used_mb": 0.011519432067871094,
    "memory_increment_mb": 0.59375,
    "system_memory_before_mb": 123.15625,
    "system_memory_after_mb": 123.75,
    "total_energy_joules": 234.5792649343903,
    "cpu_energy_joules": 234.5792149999579,
    "memory_energy_joules": 4.993443237546867e-05,
    "energy_kwh": 6.516090692621953e-05,
    "co2_kg": 3.2580453463109764e-05,
    "co2_grams": 0.03258045346310976,
    "model_size_bytes": 564419,
    "model_size_mb": 0.5382719039916992
  },
  "LightGBM": {
    "best_params": {
      "boosting_type": "dart",
      "num_leaves": 247,
      "learning_rate": 0.004312308432599558,
      "n_estimators": 525,
      "max_depth": 20,
      "min_child_samples": 16,
      "subsample": 0.576956430350371,
      "colsample_bytree": 0.9970233314117389,
      "reg_alpha": 0.009112514675476184,
      "reg_lambda": 0.0064791480989385315,
      "min_split_gain": 2.260380404600762e-08
    },
    "f1_mean": 0.7600239545212754,
    "f1_std": 0.042713209521254465,
    "f1_median": 0.7626497703614702,
    "f1_q25": 0.7307615234738133,
    "f1_q75": 0.7902489667195549,
    "roc_auc_mean": 0.8184790123456789,
    "roc_auc_std": 0.04652130013460133,
    "roc_auc_median": 0.8212962962962962,
    "roc_auc_q25": 0.787037037037037,
    "roc_auc_q75": 0.851111111111111,
    "avg_fit_time": 4.928758947054545,
    "std_fit_time": 34.044819576933904,
    "n_evaluations": 300,
    "wall_time": 3.245192999998835,
    "cpu_time": 15.086841000000277,
    "memory_peak_mb": 5.396331787109375,
    "memory_used_mb": 0.012402534484863281,
    "memory_increment_mb": -3.125,
    "system_memory_before_mb": 151.90625,
    "system_memory_after_mb": 148.78125,
    "total_energy_joules": 980.674479550673,
    "cpu_energy_joules": 980.644665000018,
    "memory_energy_joules": 0.029814550655041436,
    "energy_kwh": 0.00027240957765296473,
    "co2_kg": 0.00013620478882648236,
    "co2_grams": 0.13620478882648238,
    "model_size_bytes": 1879193,
    "model_size_mb": 1.7921380996704102
  },
  "CatBoost": {
    "best_params": {
      "iterations": 498,
      "depth": 10,
      "learning_rate": 0.009539199465476673,
      "l2_leaf_reg": 2.475511173321292,
      "random_strength": 2.7602372106643775,
      "bagging_temperature": 1.4394641893721252,
      "border_count": 166,
      "grow_policy": "Depthwise",
      "min_data_in_leaf": 74,
      "rsm": 0.9375914512975969
    },
    "f1_mean": 0.7695761972752742,
    "f1_std": 0.04659460236749698,
    "f1_median": 0.7700015236304757,
    "f1_q25": 0.7425527685514659,
    "f1_q75": 0.8023022094980975,
    "roc_auc_mean": 0.840232383665717,
    "roc_auc_std": 0.043416583222251906,
    "roc_auc_median": 0.8433333333333333,
    "roc_auc_q25": 0.8123290598290598,
    "roc_auc_q75": 0.8703703703703703,
    "avg_fit_time": 0.2613482109705607,
    "std_fit_time": 0.012664106444656409,
    "n_evaluations": 300,
    "wall_time": 0.2814043340003991,
    "cpu_time": 3.5084889999998268,
    "memory_peak_mb": 0.046957969665527344,
    "memory_used_mb": 0.008863449096679688,
    "memory_increment_mb": 1.125,
    "system_memory_before_mb": 79.96875,
    "system_memory_after_mb": 81.09375,
    "total_energy_joules": 228.05184533379736,
    "cpu_energy_joules": 228.05178499998874,
    "memory_energy_joules": 6.033380860613827e-05,
    "energy_kwh": 6.334773481494372e-05,
    "co2_kg": 3.167386740747186e-05,
    "co2_grams": 0.031673867407471856,
    "model_size_bytes": 418277,
    "model_size_mb": 0.39890003204345703
  }
}