uuid,tax_id,name,rate
06958b3c-c350-7820-8000-0650492afa09,1,Food,3.00000
06958b3d-3d8a-7ae4-8000-461c96456694,2,Non-Food,5.00000
