source,method,alpha_requested,alpha_selected,mgn_cov,mgn_cov_se,mgn_size,mgn_size_se,selected_coverage,selected_coverage_se,unselected_coverage,unselected_coverage_se,unselected_set_size,unselected_set_size_se,num_unsel,num_unsel_se,num_total,num_total_se
stratified_cp,aps,0.05,0.05,0.9489957081545065,0.0008621140150705851,1.4950729613733906,0.004021760132717489,0.9503445699620575,0.0012060409478384982,0.9509743762478966,0.0012275056605522319,1.9039040773447153,0.004032802637433679,128.336,1.0304493484492283,233.0,0.0
vanilla_cp,aps,0.05,0.05,0.9518197424892704,0.0008463931866966378,1.8263690987124463,0.003665434350094232,0.8098834428998841,0.0018125998858370968,0.9813274910797457,0.00036026290832856127,2.0,0.0,192.544,0.8540462035719562,233.0,0.0
baseline,thresh,0.05,0.05,0.9873218884120172,0.0002220640111938234,2.010549356223176,0.0008591479002838984,,,0.9906871209597455,0.0002048860315684171,2.0996763520647983,0.0006478038303109148,214.114,0.1254171716068726,233.0,0.0
baseline,top1,0.05,0.05,0.853107296137339,0.0006549026709386472,1.0,0.0,,,,,,,,,233.0,0.0
