{
  "LinearBoost": {
    "best_params": {
      "n_estimators": 174,
      "learning_rate": 0.14872431843904127,
      "algorithm": "SAMME",
      "scaler": "quantile-normal",
      "kernel": "rbf",
      "gamma": 0.2781688809997661
    },
    "f1_mean": 0.9974999502474505,
    "f1_std": 0.005207919303796574,
    "f1_median": 1.0,
    "f1_q25": 1.0,
    "f1_q75": 1.0,
    "roc_auc_mean": 0.9999863574734154,
    "roc_auc_std": 8.77929950577799e-05,
    "roc_auc_median": 1.0,
    "roc_auc_q25": 1.0,
    "roc_auc_q75": 1.0,
    "avg_fit_time": 0.6490881204605102,
    "std_fit_time": 0.1648286196131734,
    "n_evaluations": 300,
    "wall_time": 0.3729024170024786,
    "cpu_time": 0.36037999999999926,
    "memory_peak_mb": 31.772705078125,
    "memory_used_mb": 15.671674728393555,
    "memory_increment_mb": 144.984375,
    "system_memory_before_mb": 88.953125,
    "system_memory_after_mb": 233.9375,
    "total_energy_joules": 23.42889320585544,
    "cpu_energy_joules": 23.42469999999995,
    "memory_energy_joules": 0.0041932058554887686,
    "energy_kwh": 6.508025890515401e-06,
    "co2_kg": 3.2540129452577004e-06,
    "co2_grams": 0.0032540129452577004,
    "model_size_bytes": 15862475,
    "model_size_mb": 15.12763500213623
  },
  "XGBoost": {
    "best_params": {
      "n_estimators": 633,
      "max_depth": 2,
      "learning_rate": 0.2991002912555629,
      "gamma": 6.042028345488908e-08,
      "min_child_weight": 1,
      "subsample": 0.5730686404343791,
      "colsample_bytree": 0.8435204410106656,
      "reg_alpha": 0.3701259827828284,
      "reg_lambda": 7.711270087757468e-06
    },
    "f1_mean": 0.9980096637375779,
    "f1_std": 0.003797256592792321,
    "f1_median": 1.0,
    "f1_q25": 1.0,
    "f1_q75": 1.0,
    "roc_auc_mean": 0.9999899712022231,
    "roc_auc_std": 5.733631868542623e-05,
    "roc_auc_median": 1.0,
    "roc_auc_q25": 1.0,
    "roc_auc_q75": 1.0,
    "avg_fit_time": 0.024933034578959148,
    "std_fit_time": 0.0008282767412088718,
    "n_evaluations": 300,
    "wall_time": 0.3862108330067713,
    "cpu_time": 1.6178279999999994,
    "memory_peak_mb": 0.09966373443603516,
    "memory_used_mb": 0.08886241912841797,
    "memory_increment_mb": 12.03125,
    "system_memory_before_mb": 265.0,
    "system_memory_after_mb": 277.03125,
    "total_energy_joules": 105.15887904740481,
    "cpu_energy_joules": 105.15881999999996,
    "memory_energy_joules": 5.904740484198553e-05,
    "energy_kwh": 2.9210799735390226e-05,
    "co2_kg": 1.4605399867695113e-05,
    "co2_grams": 0.014605399867695113,
    "model_size_bytes": 479330,
    "model_size_mb": 0.4571247100830078
  },
  "LightGBM": {
    "best_params": {
      "boosting_type": "gbdt",
      "num_leaves": 208,
      "learning_rate": 0.08174109389605988,
      "n_estimators": 764,
      "max_depth": 20,
      "min_child_samples": 70,
      "subsample": 0.9930649961777979,
      "colsample_bytree": 0.6030329613914709,
      "reg_alpha": 3.840495758725356e-08,
      "reg_lambda": 7.998656762839556e-06,
      "min_split_gain": 8.991001623973251e-06
    },
    "f1_mean": 0.9973300723432877,
    "f1_std": 0.004279314834492836,
    "f1_median": 1.0,
    "f1_q25": 0.9927062319881188,
    "f1_q75": 1.0,
    "roc_auc_mean": 0.9999820527473677,
    "roc_auc_std": 8.33981732493968e-05,
    "roc_auc_median": 1.0,
    "roc_auc_q25": 1.0,
    "roc_auc_q75": 1.0,
    "avg_fit_time": 10.274427475134532,
    "std_fit_time": 0.566258916072169,
    "n_evaluations": 300,
    "wall_time": 1.2378660000103991,
    "cpu_time": 5.691931000000002,
    "memory_peak_mb": 2.7680749893188477,
    "memory_used_mb": 0.06746864318847656,
    "memory_increment_mb": 35.546875,
    "system_memory_before_mb": 84.703125,
    "system_memory_after_mb": 120.25,
    "total_energy_joules": 369.98128490668057,
    "cpu_energy_joules": 369.97551500000014,
    "memory_energy_joules": 0.005769906680430404,
    "energy_kwh": 0.00010277257914074461,
    "co2_kg": 5.1386289570372305e-05,
    "co2_grams": 0.05138628957037231,
    "model_size_bytes": 884170,
    "model_size_mb": 0.8432102203369141
  },
  "CatBoost": {
    "best_params": {
      "iterations": 497,
      "depth": 1,
      "learning_rate": 0.43741506127400154,
      "l2_leaf_reg": 0.0011200489860131366,
      "random_strength": 8.508648762385068,
      "bagging_temperature": 0.7942283715274937,
      "border_count": 254,
      "grow_policy": "Lossguide",
      "min_data_in_leaf": 26,
      "rsm": 0.10157975912782705
    },
    "f1_mean": 0.9991260574657183,
    "f1_std": 0.0024403471199149727,
    "f1_median": 1.0,
    "f1_q25": 1.0,
    "f1_q75": 1.0,
    "roc_auc_mean": 0.9999928472447885,
    "roc_auc_std": 5.486960563950406e-05,
    "roc_auc_median": 1.0,
    "roc_auc_q25": 1.0,
    "roc_auc_q75": 1.0,
    "avg_fit_time": 0.0959733255704244,
    "std_fit_time": 0.0071507974944324615,
    "n_evaluations": 300,
    "wall_time": 0.17311199998948723,
    "cpu_time": 1.192490000000003,
    "memory_peak_mb": 0.05343151092529297,
    "memory_used_mb": 0.015253067016601562,
    "memory_increment_mb": 16.234375,
    "system_memory_before_mb": 129.75,
    "system_memory_after_mb": 145.984375,
    "total_energy_joules": 77.51187333369495,
    "cpu_energy_joules": 77.5118500000002,
    "memory_energy_joules": 2.3333694749744668e-05,
    "energy_kwh": 2.1531075926026375e-05,
    "co2_kg": 1.0765537963013188e-05,
    "co2_grams": 0.010765537963013187,
    "model_size_bytes": 58091,
    "model_size_mb": 0.05539989471435547
  }
}