{
  "LinearBoost": {
    "best_params": {
      "n_estimators": 295,
      "learning_rate": 0.014573316487050096,
      "algorithm": "SAMME",
      "scaler": "minmax",
      "kernel": "rbf",
      "gamma": 0.37443346202394545
    },
    "f1_mean": 0.7427968988637779,
    "f1_std": 0.07269357761818242,
    "f1_median": 0.7419354838709677,
    "f1_q25": 0.689910775566232,
    "f1_q75": 0.7974942396313364,
    "roc_auc_mean": 0.6947606957253697,
    "roc_auc_std": 0.11035748938287585,
    "roc_auc_median": 0.6999752964426877,
    "roc_auc_q25": 0.6277173913043479,
    "roc_auc_q75": 0.7690217391304348,
    "avg_fit_time": 0.07626186052958171,
    "std_fit_time": 0.008973444912013758,
    "n_evaluations": 300,
    "wall_time": 0.20660658398992382,
    "cpu_time": 0.19401599999999952,
    "memory_peak_mb": 2.7787303924560547,
    "memory_used_mb": 1.6415739059448242,
    "memory_increment_mb": 24.609375,
    "system_memory_before_mb": 95.578125,
    "system_memory_after_mb": 120.1875,
    "total_energy_joules": 12.611237430965236,
    "cpu_energy_joules": 12.611039999999969,
    "memory_energy_joules": 0.00019743096526712132,
    "energy_kwh": 3.5031215086014544e-06,
    "co2_kg": 1.7515607543007272e-06,
    "co2_grams": 0.0017515607543007272,
    "model_size_bytes": 1090257,
    "model_size_mb": 1.039750099182129
  },
  "XGBoost": {
    "best_params": {
      "n_estimators": 667,
      "max_depth": 11,
      "learning_rate": 0.5270921442064376,
      "gamma": 0.05426608737529603,
      "min_child_weight": 10,
      "subsample": 0.9001052715175266,
      "colsample_bytree": 0.6487565808101214,
      "reg_alpha": 0.2794986274278164,
      "reg_lambda": 5.733209996343725e-06
    },
    "f1_mean": 0.7060311821727824,
    "f1_std": 0.07178999083940904,
    "f1_median": 0.701291675120038,
    "f1_q25": 0.6579265137139899,
    "f1_q75": 0.7550514002126905,
    "roc_auc_mean": 0.6235385558483385,
    "roc_auc_std": 0.1181891322764404,
    "roc_auc_median": 0.6222208498023716,
    "roc_auc_q25": 0.5449604743083003,
    "roc_auc_q75": 0.7080965909090908,
    "avg_fit_time": 0.016781025727589924,
    "std_fit_time": 0.001557683809318061,
    "n_evaluations": 300,
    "wall_time": 0.4995527079736348,
    "cpu_time": 2.136443999999999,
    "memory_peak_mb": 0.0998220443725586,
    "memory_used_mb": 0.0891122817993164,
    "memory_increment_mb": 9.421875,
    "system_memory_before_mb": 122.6875,
    "system_memory_after_mb": 132.109375,
    "total_energy_joules": 138.8689380996854,
    "cpu_energy_joules": 138.86885999999996,
    "memory_energy_joules": 7.809968546172601e-05,
    "energy_kwh": 3.857470502769039e-05,
    "co2_kg": 1.9287352513845195e-05,
    "co2_grams": 0.019287352513845196,
    "model_size_bytes": 521059,
    "model_size_mb": 0.4969205856323242
  },
  "LightGBM": {
    "best_params": {
      "boosting_type": "dart",
      "num_leaves": 191,
      "learning_rate": 0.015396476743432051,
      "n_estimators": 920,
      "max_depth": 1,
      "min_child_samples": 38,
      "subsample": 0.5622647292220692,
      "colsample_bytree": 0.5237001646143271,
      "reg_alpha": 3.779450786112595e-06,
      "reg_lambda": 7.203447039428201,
      "min_split_gain": 2.505138697462514e-05
    },
    "f1_mean": 0.7120192781195813,
    "f1_std": 0.07405945565413892,
    "f1_median": 0.7109779562990877,
    "f1_q25": 0.6666666666666666,
    "f1_q75": 0.7595533498759305,
    "roc_auc_mean": 0.6874306470502123,
    "roc_auc_std": 0.11284532480389615,
    "roc_auc_median": 0.6875,
    "roc_auc_q25": 0.6047190656565655,
    "roc_auc_q75": 0.7642045454545454,
    "avg_fit_time": 14.583290011882783,
    "std_fit_time": 0.44064339863362606,
    "n_evaluations": 300,
    "wall_time": 1.7521343330154195,
    "cpu_time": 8.155358,
    "memory_peak_mb": 1.7290096282958984,
    "memory_used_mb": 0.06506633758544922,
    "memory_increment_mb": 29.953125,
    "system_memory_before_mb": 77.078125,
    "system_memory_after_mb": 107.03125,
    "total_energy_joules": 530.1034338278213,
    "cpu_energy_joules": 530.09827,
    "memory_energy_joules": 0.005163827821362298,
    "energy_kwh": 0.00014725095384106147,
    "co2_kg": 7.362547692053074e-05,
    "co2_grams": 0.07362547692053074,
    "model_size_bytes": 347051,
    "model_size_mb": 0.33097362518310547
  },
  "CatBoost": {
    "best_params": {
      "iterations": 497,
      "depth": 15,
      "learning_rate": 0.002226716194896176,
      "l2_leaf_reg": 0.07752654174090551,
      "random_strength": 4.56192892446387e-07,
      "bagging_temperature": 0.4463701952842339,
      "border_count": 156,
      "grow_policy": "Lossguide",
      "min_data_in_leaf": 88,
      "rsm": 0.851855456176399
    },
    "f1_mean": 0.7265542547327509,
    "f1_std": 0.06363515061812829,
    "f1_median": 0.7288786482334869,
    "f1_q25": 0.685066085987745,
    "f1_q75": 0.775,
    "roc_auc_mean": 0.6932751884789928,
    "roc_auc_std": 0.10995945927139733,
    "roc_auc_median": 0.6902173913043478,
    "roc_auc_q25": 0.6130805335968379,
    "roc_auc_q75": 0.7680130105401846,
    "avg_fit_time": 0.07790510416030884,
    "std_fit_time": 0.004422364537967621,
    "n_evaluations": 300,
    "wall_time": 0.14778470798046328,
    "cpu_time": 1.0278729999999996,
    "memory_peak_mb": 0.05230522155761719,
    "memory_used_mb": 0.014009475708007812,
    "memory_increment_mb": 17.328125,
    "system_memory_before_mb": 112.96875,
    "system_memory_after_mb": 130.296875,
    "total_energy_joules": 66.81176468864439,
    "cpu_energy_joules": 66.81174499999997,
    "memory_energy_joules": 1.968864440848119e-05,
    "energy_kwh": 1.855882352462344e-05,
    "co2_kg": 9.27941176231172e-06,
    "co2_grams": 0.00927941176231172,
    "model_size_bytes": 142225,
    "model_size_mb": 0.1356363296508789
  }
}