{
  "f1": {
    "LinearBoost-K": {
      "mean_rank": 5.857142857142857,
      "median_rank": 7.0,
      "std_rank": 2.6954231805876008,
      "min_rank": "1",
      "max_rank": "9",
      "n_datasets": 7,
      "wins": 1,
      "top3": 1
    },
    "TabPFN": {
      "mean_rank": 3.3333333333333335,
      "median_rank": 2.0,
      "std_rank": 2.6874192494328497,
      "min_rank": "1",
      "max_rank": "8",
      "n_datasets": 6,
      "wins": 2,
      "top3": 4
    },
    "CatBoost": {
      "mean_rank": 3.142857142857143,
      "median_rank": 3.0,
      "std_rank": 1.8070158058105026,
      "min_rank": "1",
      "max_rank": "6",
      "n_datasets": 7,
      "wins": 2,
      "top3": 4
    },
    "LightGBM": {
      "mean_rank": 4.857142857142857,
      "median_rank": 4.0,
      "std_rank": 2.231499907401901,
      "min_rank": "2",
      "max_rank": "9",
      "n_datasets": 7,
      "wins": 0,
      "top3": 2
    },
    "XGBoost": {
      "mean_rank": 5.714285714285714,
      "median_rank": 5.0,
      "std_rank": 1.979486637221574,
      "min_rank": "3",
      "max_rank": "9",
      "n_datasets": 7,
      "wins": 0,
      "top3": 1
    },
    "RandomForest": {
      "mean_rank": 5.571428571428571,
      "median_rank": 6.0,
      "std_rank": 1.498298354528788,
      "min_rank": "3",
      "max_rank": "7",
      "n_datasets": 7,
      "wins": 0,
      "top3": 1
    },
    "LinearBoost-K-exact": {
      "mean_rank": 6.285714285714286,
      "median_rank": 7.0,
      "std_rank": 2.3733211036908783,
      "min_rank": "1",
      "max_rank": "9",
      "n_datasets": 7,
      "wins": 1,
      "top3": 1
    },
    "LogisticRegression": {
      "mean_rank": 4.142857142857143,
      "median_rank": 3.0,
      "std_rank": 2.6954231805876008,
      "min_rank": "1",
      "max_rank": "8",
      "n_datasets": 7,
      "wins": 1,
      "top3": 4
    },
    "LinearBoost-L": {
      "mean_rank": 5.285714285714286,
      "median_rank": 5.0,
      "std_rank": 2.657296462534039,
      "min_rank": "2",
      "max_rank": "9",
      "n_datasets": 7,
      "wins": 0,
      "top3": 3
    }
  },
  "roc_auc": {
    "TabPFN": {
      "mean_rank": 3.3333333333333335,
      "median_rank": 3.0,
      "std_rank": 2.211083193570267,
      "min_rank": "1",
      "max_rank": "7",
      "n_datasets": 6,
      "wins": 2,
      "top3": 3
    },
    "LinearBoost-K": {
      "mean_rank": 5.857142857142857,
      "median_rank": 7.0,
      "std_rank": 2.899683304312063,
      "min_rank": "2",
      "max_rank": "9",
      "n_datasets": 7,
      "wins": 0,
      "top3": 2
    },
    "LightGBM": {
      "mean_rank": 4.0,
      "median_rank": 5.0,
      "std_rank": 1.8516401995451028,
      "min_rank": "1",
      "max_rank": "6",
      "n_datasets": 7,
      "wins": 1,
      "top3": 3
    },
    "RandomForest": {
      "mean_rank": 4.571428571428571,
      "median_rank": 4.0,
      "std_rank": 2.969229955832361,
      "min_rank": "1",
      "max_rank": "9",
      "n_datasets": 7,
      "wins": 2,
      "top3": 3
    },
    "LinearBoost-K-exact": {
      "mean_rank": 6.0,
      "median_rank": 6.0,
      "std_rank": 2.0,
      "min_rank": "3",
      "max_rank": "9",
      "n_datasets": 7,
      "wins": 0,
      "top3": 1
    },
    "XGBoost": {
      "mean_rank": 4.428571428571429,
      "median_rank": 4.0,
      "std_rank": 1.9166296949998198,
      "min_rank": "2",
      "max_rank": "8",
      "n_datasets": 7,
      "wins": 0,
      "top3": 3
    },
    "CatBoost": {
      "mean_rank": 5.285714285714286,
      "median_rank": 6.0,
      "std_rank": 2.4907993963089563,
      "min_rank": "1",
      "max_rank": "8",
      "n_datasets": 7,
      "wins": 1,
      "top3": 2
    },
    "LogisticRegression": {
      "mean_rank": 4.714285714285714,
      "median_rank": 5.0,
      "std_rank": 2.5475077857324298,
      "min_rank": "1",
      "max_rank": "8",
      "n_datasets": 7,
      "wins": 1,
      "top3": 3
    },
    "LinearBoost-L": {
      "mean_rank": 6.0,
      "median_rank": 5.0,
      "std_rank": 2.390457218668787,
      "min_rank": "3",
      "max_rank": "9",
      "n_datasets": 7,
      "wins": 0,
      "top3": 1
    }
  },
  "train_time": {
    "LogisticRegression": {
      "mean_rank": 1.4285714285714286,
      "median_rank": 1.0,
      "std_rank": 0.7284313590846835,
      "min_rank": "1",
      "max_rank": "3",
      "n_datasets": 7,
      "wins": 5,
      "top3": 7
    },
    "LinearBoost-L": {
      "mean_rank": 3.2857142857142856,
      "median_rank": 2.0,
      "std_rank": 1.8294640678379568,
      "min_rank": "2",
      "max_rank": "7",
      "n_datasets": 7,
      "wins": 0,
      "top3": 5
    },
    "TabPFN": {
      "mean_rank": 3.6666666666666665,
      "median_rank": 4.0,
      "std_rank": 0.9428090415820634,
      "min_rank": "2",
      "max_rank": "5",
      "n_datasets": 6,
      "wins": 0,
      "top3": 2
    },
    "LinearBoost-K-exact": {
      "mean_rank": 5.571428571428571,
      "median_rank": 6.0,
      "std_rank": 1.9897697538834458,
      "min_rank": "2",
      "max_rank": "8",
      "n_datasets": 7,
      "wins": 0,
      "top3": 1
    },
    "RandomForest": {
      "mean_rank": 5.571428571428571,
      "median_rank": 5.0,
      "std_rank": 1.840585532389304,
      "min_rank": "3",
      "max_rank": "9",
      "n_datasets": 7,
      "wins": 0,
      "top3": 1
    },
    "CatBoost": {
      "mean_rank": 5.142857142857143,
      "median_rank": 6.0,
      "std_rank": 3.0904725218262765,
      "min_rank": "1",
      "max_rank": "9",
      "n_datasets": 7,
      "wins": 2,
      "top3": 2
    },
    "LinearBoost-K": {
      "mean_rank": 4.571428571428571,
      "median_rank": 5.0,
      "std_rank": 1.498298354528788,
      "min_rank": "3",
      "max_rank": "7",
      "n_datasets": 7,
      "wins": 0,
      "top3": 3
    },
    "XGBoost": {
      "mean_rank": 7.142857142857143,
      "median_rank": 8.0,
      "std_rank": 1.5518257844571737,
      "min_rank": "4",
      "max_rank": "9",
      "n_datasets": 7,
      "wins": 0,
      "top3": 0
    },
    "LightGBM": {
      "mean_rank": 7.857142857142857,
      "median_rank": 8.0,
      "std_rank": 0.8329931278350429,
      "min_rank": "7",
      "max_rank": "9",
      "n_datasets": 7,
      "wins": 0,
      "top3": 0
    }
  },
  "inference_time": {
    "CatBoost": {
      "mean_rank": 1.4285714285714286,
      "median_rank": 1.0,
      "std_rank": 0.7284313590846836,
      "min_rank": "1",
      "max_rank": "3",
      "n_datasets": 7,
      "wins": 5,
      "top3": 7
    },
    "LightGBM": {
      "mean_rank": 1.8571428571428572,
      "median_rank": 2.0,
      "std_rank": 0.3499271061118826,
      "min_rank": "1",
      "max_rank": "2",
      "n_datasets": 7,
      "wins": 1,
      "top3": 7
    },
    "XGBoost": {
      "mean_rank": 2.7142857142857144,
      "median_rank": 3.0,
      "std_rank": 0.6998542122237652,
      "min_rank": "1",
      "max_rank": "3",
      "n_datasets": 7,
      "wins": 1,
      "top3": 7
    },
    "LogisticRegression": {
      "mean_rank": 4.857142857142857,
      "median_rank": 5.0,
      "std_rank": 0.9897433186107869,
      "min_rank": "4",
      "max_rank": "7",
      "n_datasets": 7,
      "wins": 0,
      "top3": 0
    },
    "LinearBoost-L": {
      "mean_rank": 5.142857142857143,
      "median_rank": 5.0,
      "std_rank": 0.989743318610787,
      "min_rank": "4",
      "max_rank": "7",
      "n_datasets": 7,
      "wins": 0,
      "top3": 0
    },
    "LinearBoost-K-exact": {
      "mean_rank": 6.285714285714286,
      "median_rank": 6.0,
      "std_rank": 1.1605769149479943,
      "min_rank": "4",
      "max_rank": "8",
      "n_datasets": 7,
      "wins": 0,
      "top3": 0
    },
    "LinearBoost-K": {
      "mean_rank": 5.857142857142857,
      "median_rank": 6.0,
      "std_rank": 0.989743318610787,
      "min_rank": "4",
      "max_rank": "7",
      "n_datasets": 7,
      "wins": 0,
      "top3": 0
    },
    "RandomForest": {
      "mean_rank": 7.857142857142857,