{
  "XGBoost": {
    "datasets": [
      "Chronic Kidney Disease",
      "Heart Disease",
      "Breast Cancer Wisconsin (Diagnostic)",
      "Hepatitis",
      "Ionosphere",
      "Banknote Authentication",
      "Haberman's Survival"
    ],
    "f1_deltas": [
      -0.0032945460281972316,
      -0.0009247236213384413,
      -0.0022767833712166174,
      -0.028175671118893963,
      -0.0027337089611148002,
      -2.415029766855703e-05,
      0.00893005578686945
    ],
    "roc_deltas": [
      -0.00031658254699717947,
      -0.0036995074755492574,
      -0.0008552347677797112,
      -0.008397619047619043,
      -0.005280911680911826,
      -9.687845994643673e-06,
      0.048733387799564265
    ],
    "f1_improvements": 1,
    "f1_regressions": 4,
    "roc_improvements": 1,
    "roc_regressions": 3,
    "f1_mean_delta": -0.004071361087365737,
    "f1_std_delta": 0.01056915396924223,
    "roc_mean_delta": 0.004310549204958943,
    "roc_std_delta": 0.018352903155194847,
    "n_datasets": 7
  },
  "LinearBoost-K-exact": {
    "datasets": [
      "Chronic Kidney Disease",
      "Heart Disease",
      "Breast Cancer Wisconsin (Diagnostic)",
      "Hepatitis",
      "Ionosphere",
      "Banknote Authentication",
      "Haberman's Survival"
    ],
    "f1_deltas": [
      -0.0005083709295030658,
      -0.0004343300577774878,
      -0.0011827953440305405,
      -0.006454235221454607,
      0.006320862826222351,
      0.004738471510293385,
      -0.0028491261266757606
    ],
    "roc_deltas": [
      0.0001999444078706336,
      -0.00014672184811082012,
      -0.00031358586488794415,
      -0.04602698412698414,
      -0.008213903133903022,
      0.000424199830444949,
      -0.0019272875816994661
    ],
    "f1_improvements": 2,
    "f1_regressions": 3,
    "roc_improvements": 0,
    "roc_regressions": 3,
    "f1_mean_delta": -5.278904898938944e-05,
    "f1_std_delta": 0.004035692058590871,
    "roc_mean_delta": -0.008000619759609973,
    "roc_std_delta": 0.015774918070124995,
    "n_datasets": 7
  },
  "CatBoost": {
    "datasets": [
      "Chronic Kidney Disease",
      "Heart Disease",
      "Breast Cancer Wisconsin (Diagnostic)",
      "Hepatitis",
      "Ionosphere",
      "Banknote Authentication",
      "Haberman's Survival"
    ],
    "f1_deltas": [
      -2.0533966591074204e-05,
      -0.02143582122180754,
      0.0014233447792229015,
      -0.0180328198737727,
      -0.0012783483080408553,
      -0.0004131862672503983,
      -0.008601555886573187
    ],
    "roc_deltas": [
      9.705508009649755e-05,
      -0.02669985235957484,
      0.0005678956021517578,
      -0.007592063492063539,
      -0.00617595441595431,
      -1.7253905684633253e-05,
      -0.008079248366013037
    ],
    "f1_improvements": 1,
    "f1_regressions": 4,
    "roc_improvements": 0,
    "roc_regressions": 4,
    "f1_mean_delta": -0.006908417249258979,
    "f1_std_delta": 0.008688345352798731,
    "roc_mean_delta": -0.0068427745510060145,
    "roc_std_delta": 0.00883584816130773,
    "n_datasets": 7
  },
  "LightGBM": {
    "datasets": [
      "Chronic Kidney Disease",
      "Heart Disease",
      "Breast Cancer Wisconsin (Diagnostic)",
      "Hepatitis",
      "Ionosphere",
      "Banknote Authentication",
      "Haberman's Survival"
    ],
    "f1_deltas": [
      -2.0111546211731834e-06,
      0.003270442149309938,
      0.00019191604076773672,
      0.004685507577519843,
      -0.0008130212018899741,
      -0.0029885632704920173,
      -0.01613452252981218
    ],
    "roc_deltas": [
      -0.00010683344305462139,
      0.005387827514563792,
      4.4587074557567163e-05,
      0.004526984126984046,
      -0.0018912820512819728,
      -0.00010147683845873612,
      -0.014644063180827893
    ],
    "f1_improvements": 2,
    "f1_regressions": 2,
    "roc_improvements": 2,
    "roc_regressions": 2,
    "f1_mean_delta": -0.001684321769888261,
    "f1_std_delta": 0.006355462906735797,
    "roc_mean_delta": -0.0009691795425025454,
    "roc_std_delta": 0.0061061601319079475,
    "n_datasets": 7
  },
  "LinearBoost-L": {
    "datasets": [
      "Chronic Kidney Disease",
      "Heart Disease",
      "Breast Cancer Wisconsin (Diagnostic)",
      "Hepatitis",
      "Ionosphere",
      "Banknote Authentication",
      "Haberman's Survival"
    ],
    "f1_deltas": [
      -0.00016753122898505168,
      0.0030388990252377956,
      -0.0015005312800895343,
      0.004818830328933155,
      0.003111257790048505,
      -0.000364061588193354,
      -0.01003155010299972
    ],
    "roc_deltas": [
      -0.000510833150464518,
      0.01373810442386858,
      0.0005997577483276562,
      -0.026288095238095388,
      0.0016068376068376633,
      4.883045635084571e-05,
      0.0009880174291938548
    ],
    "f1_improvements": 3,
    "f1_regressions": 2,
    "roc_improvements": 2,
    "roc_regressions": 1,
    "f1_mean_delta": -0.00015638386514974352,
    "f1_std_delta": 0.004551435657523341,
    "roc_mean_delta": -0.001402482960568758,
    "roc_std_delta": 0.011149707908015153,
    "n_datasets": 7
  },
  "LinearBoost-K": {
    "datasets": [
      "Chronic Kidney Disease",
      "Heart Disease",
      "Breast Cancer Wisconsin (Diagnostic)",
      "Hepatitis",
      "Ionosphere",
      "Banknote Authentication",
      "Haberman's Survival"
    ],
    "f1_deltas": [
      -0.0004986213497708558,
      -0.010996055318695297,
      -0.07356289496572,
      -0.007393155360991388,
      -0.007816300293547629,
      0.07512607253019776,
      -0.043607202308872384
    ],
    "roc_deltas": [
      0.0012019384097725627,
      -0.06245599597162088,
      -0.09292054436871011,
      0.013933333333333131,
      0.001662678062677947,
      0.026974936604878708,
      NaN
    ],
    "f1_improvements": 1,
    "f1_regressions": 5,
    "roc_improvements": 4,
    "roc_regressions": 2,
    "f1_mean_delta": -0.009821165295342826,
    "f1_std_delta": 0.04228938151211553,
    "roc_mean_delta": NaN,
    "roc_std_delta": NaN,
    "n_datasets": 7
  },
  "TabPFN": {
    "datasets": [
      "Chronic Kidney Disease",
      "Heart Disease",
      "Breast Cancer Wisconsin (Diagnostic)",
      "Hepatitis",
      "Ionosphere",
      "Haberman's Survival"
    ],
    "f1_deltas": [
      0.0,
      0.0,
      0.0,
      0.0,
      0.0,
      0.0
    ],
    "roc_deltas": [
      0.0,
      0.0,
      0.0,
      0.0,
      0.0,
      0.0
    ],
    "f1_improvements": 0,
    "f1_regressions": 0,
    "roc_improvements": 0,
    "roc_regressions": 0,
    "f1_mean_delta": 0.0,
    "f1_std_delta": 0.0,
    "roc_mean_delta": 0.0,
    "roc_std_delta": 0.0,
    "n_datasets": 6
  },
  "RandomForest": {
    "datasets": [
      "Chronic Kidney Disease",
      "Heart Disease",
      "Breast Cancer Wisconsin (Diagnostic)",
      "Hepatitis",
      "Ionosphere",
      "Banknote Authentication",
      "Haberman's Survival"
    ],
    "f1_deltas": [
      0.0006670658596575896,
      -0.0014692886406948436,
      -0.0036998369778177276,
      -0.00016544137818808036,
      -0.00221574310886552,
      -0.00046132852295710514,
      0.000273289953243383
    ],
    "roc_deltas": [
      0.00023175042059853102,
      0.00036156037892132176,
      0.00018295785335020742,
      -0.0035063492063490687,
      0.0021821082621079624,
      -2.6706780881236014e-05,
      0.0032726034858386877
    ],
    "f1_improvements": 0,
    "f1_regressions": 3,
    "roc_improvements": 2,
    "roc_regressions": 1,
    "f1_mean_delta": -0.0010101832593746149,
    "f1_std_delta": 0.0014329633575874137,
    "roc_mean_delta": 0.0003854177733694865,
    "roc_std_delta": 0.0019619526633668284,
    "n_datasets": 7
  },
  "LogisticRegression": {
    "datasets": [
      "Chronic Kidney Disease",
      "Heart Disease",
      "Breast Cancer Wisconsin (Diagnostic)",
      "Hepatitis",
      "Ionosphere",
      "Banknote Authentication",
      "Haberman's Survival"
    ],