{
  "performance_gaps": {
    "linearboost_l": {
      "f1": 0.8512709609057347,
      "roc_auc": 0.9265936943114369,
      "f1_gap": 0.054421373384096805,
      "roc_gap": 0.014221780868942324
    },
    "linearboost_k": {
      "f1": 0.8669115435269317,
      "roc_auc": 0.9083001839011192,
      "f1_gap": 0.038780790762899864,
      "roc_gap": 0.032515291279260006
    },
    "linearboost_k_exact": {
      "f1": 0.8803875200836415,
      "roc_auc": 0.9314726632964645,
      "f1_gap": 0.02530481420619002,
      "roc_gap": 0.009342811883914726
    }
  },
  "parameter_patterns": {
    "linearboost_l": {
      "n_estimators": {
        "mean": 317.6,
        "std": 247.3067730572699,
        "min": "37",
        "max": "934"
      },
      "learning_rate": {
        "mean": 0.2525832172801245,
        "std": 0.28104131668434584,
        "min": 0.011071730335225275,
        "max": 0.8581658529546914
      },
      "algorithm": {
        "SAMME": 4,
        "SAMME.R": 6
      },
      "scaler": {
        "standard": 1,
        "quantile-uniform": 4,
        "robust": 2,
        "quantile-normal": 3
      },
      "early_stopping": {
        "mean": 0.0,
        "std": 0.0,
        "min": "False",
        "max": "False"
      },
      "subsample": {
        "mean": 0.6785069314182037,
        "std": 0.09553634931066061,
        "min": 0.5715180281725424,
        "max": 0.8801438648072324
      }
    },
    "linearboost_k": {
      "kernel": {
        "sigmoid": 5,
        "rbf": 3,
        "poly": 2
      },
      "n_estimators": {
        "mean": 295.4,
        "std": 164.21644253849857,
        "min": "13",
        "max": "482"
      },
      "learning_rate": {
        "mean": 0.17461045277858028,
        "std": 0.16378527536165555,
        "min": 0.010873107692091774,
        "max": 0.4902808135873669
      },
      "algorithm": {
        "SAMME": 5,
        "SAMME.R": 5
      },
      "scaler": {
        "quantile-uniform": 3,
        "standard": 3,
        "robust": 1,
        "quantile-normal": 2,
        "minmax": 1
      },
      "gamma": {
        "mean": 0.820154376046862,
        "std": 1.1793441168141316,
        "min": 0.001015776792239041,
        "max": 2.89110125755162
      },
      "n_components": {
        "mean": 236.8,
        "std": 159.48717816802704,
        "min": "64",
        "max": "512"
      },
      "early_stopping": {
        "mean": 0.0,
        "std": 0.0,
        "min": "False",
        "max": "False"
      },
      "subsample": {
        "mean": 0.7231538702596957,
        "std": 0.16590318658838155,
        "min": 0.5006663007547634,
        "max": 0.9540232684975406
      },
      "coef0": {
        "mean": 0.346750824120101,
        "std": 0.2530964529896615,
        "min": 0.007462960797416984,
        "max": 0.8190090984099395
      },
      "kernel_approx": {
        "nystrom": 3
      },
      "degree": {
        "mean": 3.5,
        "std": 1.5,
        "min": "2",
        "max": "5"
      }
    },
    "linearboost_k_exact": {
      "kernel": {
        "poly": 4,
        "rbf": 6
      },
      "n_estimators": {
        "mean": 278.1,
        "std": 120.37645118543743,
        "min": "42",
        "max": "425"
      },
      "learning_rate": {
        "mean": 0.17022683599479652,
        "std": 0.16047421198648784,
        "min": 0.013843515673253119,
        "max": 0.5243708145091582
      },
      "algorithm": {
        "SAMME": 7,
        "SAMME.R": 3
      },
      "scaler": {
        "minmax": 2,
        "quantile-uniform": 4,
        "quantile-normal": 2,
        "standard": 2
      },
      "gamma": {
        "mean": 1.3036609474481609,
        "std": 1.3227527944027593,
        "min": 0.052260950409021234,
        "max": 3.5869287964918577
      },
      "early_stopping": {
        "mean": 0.0,
        "std": 0.0,
        "min": "False",
        "max": "False"
      },
      "subsample": {
        "mean": 0.724080348853753,
        "std": 0.14087463095136984,
        "min": 0.5302760872025447,
        "max": 0.9881453087762844
      },
      "degree": {
        "mean": 3.0,
        "std": 0.7071067811865476,
        "min": "2",
        "max": "4"
      },
      "coef0": {
        "mean": 0.6298710300525228,
        "std": 0.254388722193728,
        "min": 0.22663973267271464,
        "max": 0.8974964386580725
      }
    }
  },
  "loss_patterns": {
    "LinearBoost-K-exact": {
      "f1": {
        "total_losses": 34,
        "opponents": {
          "LinearBoost-L": 2,
          "LogisticRegression": 7,
          "RandomForest": 5,
          "LightGBM": 4,
          "CatBoost": 5,
          "XGBoost": 5,
          "TabPFN": 4,
          "LinearBoost-K": 2
        },
        "avg_effect_size": 0.51,
        "avg_cohens_d": 0.9080134501733076
      },
      "roc_auc": {
        "total_losses": 24,
        "opponents": {
          "LogisticRegression": 5,
          "RandomForest": 3,
          "LightGBM": 3,
          "CatBoost": 5,
          "XGBoost": 3,
          "LinearBoost-L": 2,
          "LinearBoost-K": 2,
          "TabPFN": 1
        },
        "avg_effect_size": 0.3861111111111111,
        "avg_cohens_d": 0.476862953962972
      }
    },
    "LinearBoost-L": {
      "f1": {
        "total_losses": 39,
        "opponents": {
          "LogisticRegression": 6,
          "RandomForest": 6,
          "LinearBoost-K": 4,
          "LinearBoost-K-exact": 4,
          "XGBoost": 5,
          "LightGBM": 5,
          "CatBoost": 5,
          "TabPFN": 4
        },
        "avg_effect_size": 0.7769230769230769,
        "avg_cohens_d": 1.5722298640633463
      },
      "roc_auc": {
        "total_losses": 22,
        "opponents": {
          "LogisticRegression": 3,
          "RandomForest": 3,
          "LightGBM": 3,
          "CatBoost": 4,
          "TabPFN": 3,
          "LinearBoost-K": 2,
          "LinearBoost-K-exact": 2,
          "XGBoost": 2
        },
        "avg_effect_size": 0.5893939393939395,
        "avg_cohens_d": 0.9442793353831498
      }
    },
    "LinearBoost-K": {
      "f1": {
        "total_losses": 39,
        "opponents": {
          "LogisticRegression": 8,
          "RandomForest": 5,
          "LightGBM": 6,
          "CatBoost": 6,
          "XGBoost": 5,
          "LinearBoost-K-exact": 2,
          "TabPFN": 4,
          "LinearBoost-L": 3
        },
        "avg_effect_size": 0.5953846153846154,
        "avg_cohens_d": 1.5787614453977308
      },
      "roc_auc": {
        "total_losses": 47,
        "opponents": {
          "LogisticRegression": 7,
          "RandomForest": 6,
          "LightGBM": 7,
          "CatBoost": 7,
          "LinearBoost-L": 6,
          "LinearBoost-K-exact": 5,
          "XGBoost": 5,
          "TabPFN": 4
        },
        "avg_effect_size": 0.6782978723404255,
        "avg_cohens_d": 1.3988212273258136
      }
    }
  },
  "recommendations": []
}