source,method,alpha_requested,alpha_selected,mgn_cov,mgn_cov_se,mgn_size,mgn_size_se,selected_coverage,selected_coverage_se,unselected_coverage,unselected_coverage_se,unselected_set_size,unselected_set_size_se,num_unsel,num_unsel_se,num_total,num_total_se
stratified_cp,aps,0.05,0.05,0.9678581818181818,0.0004281791202470662,2.0113381818181817,0.0030025878678519935,0.9870830905510944,0.0003132450672618546,0.9494564247816707,0.0007840813925332589,2.9886791868408973,0.00500494136201033,279.718,0.46247239206989826,550.0,0.0
vanilla_cp,aps,0.05,0.05,0.9494472727272728,0.0005499275151770972,2.1234145454545454,0.009889197202439293,0.9530417149803667,0.0026262691485950955,0.942422943190645,0.0011066879683477053,2.2865231249983706,0.002989737533576343,478.338,3.6139297847326746,550.0,0.0
baseline,thresh,0.05,0.05,0.9862000000000001,0.00015047581830381169,2.7330945454545454,0.000690053242535371,,,,,,,,,550.0,0.0
baseline,top1,0.05,0.05,0.8374509090909091,0.0004191573056153575,1.0,0.0,,,,,,,,,550.0,0.0
