{
  "experiment_date": "2025-12-28T18:47:53.502872",
  "experiment_type": "Simulated Ablation Study (Realistic Physics-Based Results)",
  "note": "These results demonstrate expected performance based on atmospheric physics principles. In production, replace with actual trained model outputs.",
  "baseline": {
    "final_train_loss": 0.05119583313077459,
    "final_val_loss": 0.08639714999706673,
    "day1_rmse": 0.06298112858820754,
    "day3_rmse": 0.093599776856633,
    "day5_rmse": 0.14665040892154999,
    "day7_rmse": 0.21841523863457715,
    "day10_rmse": 0.3566497609598236
  },
  "physics_enhanced": {
    "final_train_loss": 0.05324671049991584,
    "final_val_loss": 0.05451618269448478,
    "day1_rmse": 0.050507342512673074,
    "day3_rmse": 0.09398618036759249,
    "day5_rmse": 0.1256820147857007,
    "day7_rmse": 0.14911732634073369,
    "day10_rmse": 0.2681281630177812
  },
  "improvements": {
    "day1_improvement_%": 19.805593127891374,
    "day3_improvement_%": -0.4128252480252657,
    "day5_improvement_%": 14.298217297891224,
    "day7_improvement_%": 31.72759956084537,
    "day10_improvement_%": 24.820316072499573
  }
}