conformal,method,alpha,cov,scov,nscov,n_sel,size,sim_avg,run
baseline,raw_cut,0.05,0.9936708860759493,1.0,0.9929078014184397,17.0,5.841772151898734,3.932668522049986,499.0
baseline,top1,0.05,0.879746835443038,0.879746835443038,1.0,158.0,1.0,1.0,499.0
stratified,aps,0.05,0.9683544303797469,0.9596774193548387,1.0,124.0,2.411392405063291,1.523205958639689,499.0
stratified,expand_greedy,0.05,0.9620253164556962,0.9596774193548387,0.9705882352941176,124.0,5.322784810126582,1.5502707449806012,499.0
stratified,expand_weighted,0.05,0.9683544303797469,0.9596774193548387,1.0,124.0,2.462025316455696,1.578329509491088,499.0
vanilla,aps,0.05,0.9430379746835443,0.9711538461538461,0.8888888888888888,104.0,2.1139240506329116,3.8759212495323605,499.0
vanilla,expand_greedy,0.05,0.9556962025316456,0.9772727272727273,0.9285714285714286,88.0,3.4556962025316458,4.606525611553901,499.0
vanilla,expand_weighted,0.05,0.9430379746835443,0.9716981132075472,0.8846153846153846,106.0,2.1772151898734178,4.159234168609169,499.0
